{
  "rank_correlation": 0.9721739130434782,
  "stability_score": 0.9927151147671638,
  "topk_overlap_k3": 0.5,
  "topk_overlap_k5": 1.0,
  "topk_overlap_k10": 0.8181818181818182,
  "valid": true,
  "orig_prob": 0.9999805688858032,
  "pert_prob": 0.999945878982544,
  "recovery_delta": {
    "mean_abs_diff": 0.0016418174685289462,
    "max_abs_diff": 0.01086296048015356,
    "std_diff": 0.002617544467142358
  }
}