{
  "rank_correlation": 0.9486956521739129,
  "stability_score": 0.8871220788311847,
  "topk_overlap_k3": 0.2,
  "topk_overlap_k5": 0.6666666666666666,
  "topk_overlap_k10": 0.8181818181818182,
  "valid": true,
  "orig_prob": 0.9998161196708679,
  "pert_prob": 0.9923903346061707,
  "recovery_delta": {
    "mean_abs_diff": 0.0002591710614675928,
    "max_abs_diff": 0.0011473160702735186,
    "std_diff": 0.00035436360691615325
  }
}