{
  "rank_correlation": 0.8599999999999999,
  "stability_score": 0.8649968169164199,
  "topk_overlap_k3": 0.2,
  "topk_overlap_k5": 0.6666666666666666,
  "topk_overlap_k10": 0.8181818181818182,
  "valid": true,
  "orig_prob": 0.9996137022972107,
  "pert_prob": 0.9994217157363892,
  "recovery_delta": {
    "mean_abs_diff": 1.5915417899729316e-05,
    "max_abs_diff": 0.00010069589188788086,
    "std_diff": 2.4480243855743527e-05
  }
}