{
  "rank_correlation": 0.6817391304347826,
  "stability_score": 0.915236327689735,
  "topk_overlap_k3": 1.0,
  "topk_overlap_k5": 1.0,
  "topk_overlap_k10": 0.42857142857142855,
  "valid": true,
  "orig_prob": 0.9999371767044067,
  "pert_prob": 0.9769651889801025,
  "recovery_delta": {
    "mean_abs_diff": 0.02599227459480365,
    "max_abs_diff": 0.15027642622590065,
    "std_diff": 0.02947354666052032
  }
}