{
  "rank_correlation": 0.9695652173913042,
  "stability_score": 0.8923570046146105,
  "topk_overlap_k3": 0.2,
  "topk_overlap_k5": 0.6666666666666666,
  "topk_overlap_k10": 1.0,
  "valid": true,
  "orig_prob": 0.9997360110282898,
  "pert_prob": 0.9994255304336548,
  "recovery_delta": {
    "mean_abs_diff": 0.00017149866607724107,
    "max_abs_diff": 0.001066120807081461,
    "std_diff": 0.00029871382262437344
  }
}