{
  "rank_correlation": 0.9904347826086956,
  "stability_score": 0.9963843294492235,
  "topk_overlap_k3": 1.0,
  "topk_overlap_k5": 1.0,
  "topk_overlap_k10": 0.8181818181818182,
  "valid": true,
  "orig_prob": 0.9999486207962036,
  "pert_prob": 0.9999098777770996,
  "recovery_delta": {
    "mean_abs_diff": 0.006121831014752388,
    "max_abs_diff": 0.022718966007232666,
    "std_diff": 0.006741321027516084
  }
}