{
  "rank_correlation": 0.8730434782608695,
  "stability_score": 0.8676432931087439,
  "topk_overlap_k3": 1.0,
  "topk_overlap_k5": 0.6666666666666666,
  "topk_overlap_k10": 0.8181818181818182,
  "valid": true,
  "orig_prob": 0.9999661445617676,
  "pert_prob": 0.9997320771217346,
  "recovery_delta": {
    "mean_abs_diff": 0.003087882282367597,
    "max_abs_diff": 0.044923290610313416,
    "std_diff": 0.00888467620234717
  }
}