{
  "rank_correlation": 0.9939130434782607,
  "stability_score": 0.9970347406812334,
  "topk_overlap_k3": 1.0,
  "topk_overlap_k5": 1.0,
  "topk_overlap_k10": 0.8181818181818182,
  "valid": true,
  "orig_prob": 0.9999486207962036,
  "pert_prob": 0.9999408721923828,
  "recovery_delta": {
    "mean_abs_diff": 0.00721760094165802,
    "max_abs_diff": 0.027456015348434448,
    "std_diff": 0.007229216998638764
  }
}