{
  "rank_correlation": 0.9843478260869565,
  "stability_score": 0.8935346667576527,
  "topk_overlap_k3": 1.0,
  "topk_overlap_k5": 0.6666666666666666,
  "topk_overlap_k10": 1.0,
  "valid": true,
  "orig_prob": 0.9999251365661621,
  "pert_prob": 0.9999165534973145,
  "recovery_delta": {
    "mean_abs_diff": 0.012761448820432028,
    "max_abs_diff": 0.039906203746795654,
    "std_diff": 0.011119052377274152
  }
}