{
  "rank_correlation": 0.997391304347826,
  "stability_score": 0.9990277685160222,
  "topk_overlap_k3": 1.0,
  "topk_overlap_k5": 1.0,
  "topk_overlap_k10": 1.0,
  "valid": true,
  "orig_prob": 0.9999486207962036,
  "pert_prob": 0.9999434947967529,
  "recovery_delta": {
    "mean_abs_diff": 0.0016002878546714783,
    "max_abs_diff": 0.005285710096359253,
    "std_diff": 0.0014375186243053286
  }
}