{
  "rank_correlation": 0.9930434782608695,
  "stability_score": 0.9976410906589117,
  "topk_overlap_k3": 1.0,
  "topk_overlap_k5": 1.0,
  "topk_overlap_k10": 1.0,
  "valid": true,
  "orig_prob": 0.9999805688858032,
  "pert_prob": 0.9999792575836182,
  "recovery_delta": {
    "mean_abs_diff": 0.003098894531528155,
    "max_abs_diff": 0.014613546431064606,
    "std_diff": 0.003783655028359731
  }
}