{
  "rank_correlation": 0.9626086956521739,
  "stability_score": 0.8903493238722423,
  "topk_overlap_k3": 1.0,
  "topk_overlap_k5": 0.6666666666666666,
  "topk_overlap_k10": 0.8181818181818182,
  "valid": true,
  "orig_prob": 0.9999661445617676,
  "pert_prob": 0.9997410178184509,
  "recovery_delta": {
    "mean_abs_diff": 0.0015142502040058996,
    "max_abs_diff": 0.02919748332351446,
    "std_diff": 0.005830379426364773
  }
}