{
  "rank_correlation": 0.9443478260869566,
  "stability_score": 0.8860821172394018,
  "topk_overlap_k3": 1.0,
  "topk_overlap_k5": 0.6666666666666666,
  "topk_overlap_k10": 0.8181818181818182,
  "valid": true,
  "orig_prob": 0.9862672090530396,
  "pert_prob": 0.9952622652053833,
  "recovery_delta": {
    "mean_abs_diff": 2.41964116867166e-05,
    "max_abs_diff": 0.00011065306898672134,
    "std_diff": 2.578448397555422e-05
  }
}