{
  "rank_correlation": 0.9982608695652172,
  "stability_score": 0.9995546993984297,
  "topk_overlap_k3": 1.0,
  "topk_overlap_k5": 1.0,
  "topk_overlap_k10": 0.8181818181818182,
  "valid": true,
  "orig_prob": 0.9998812675476074,
  "pert_prob": 0.9998868703842163,
  "recovery_delta": {
    "mean_abs_diff": 5.2589964373813323e-05,
    "max_abs_diff": 0.0002537068212404847,
    "std_diff": 7.15926692408821e-05
  }
}