{
  "rank_correlation": 0.954782608695652,
  "stability_score": 0.9871510134779417,
  "topk_overlap_k3": 0.5,
  "topk_overlap_k5": 1.0,
  "topk_overlap_k10": 0.8181818181818182,
  "valid": true,
  "orig_prob": 0.9999969005584717,
  "pert_prob": 0.9999969005584717,
  "recovery_delta": {
    "mean_abs_diff": 0.007723193479857097,
    "max_abs_diff": 0.05503915250301361,
    "std_diff": 0.015115646095597828
  }
}