{
  "rank_correlation": 0.9965217391304346,
  "stability_score": 0.9982722341307048,
  "topk_overlap_k3": 1.0,
  "topk_overlap_k5": 1.0,
  "topk_overlap_k10": 0.8181818181818182,
  "valid": true,
  "orig_prob": 0.9999371767044067,
  "pert_prob": 0.9999409914016724,
  "recovery_delta": {
    "mean_abs_diff": 0.004291003259519736,
    "max_abs_diff": 0.0360700860619545,
    "std_diff": 0.007354202938850546
  }
}