{
  "rank_correlation": 0.8608695652173911,
  "stability_score": 0.8652143347890329,
  "topk_overlap_k3": 0.2,
  "topk_overlap_k5": 0.6666666666666666,
  "topk_overlap_k10": 0.8181818181818182,
  "valid": true,
  "orig_prob": 0.9996137022972107,
  "pert_prob": 0.9996752738952637,
  "recovery_delta": {
    "mean_abs_diff": 1.5282576574312163e-05,
    "max_abs_diff": 8.788352715782821e-05,
    "std_diff": 2.2114340613498573e-05
  }
}