src_idx,tgt_idx,true_label,baseline_P,P_after_multi5,delta_multi5
2222,2316,90,3.389401172171347e-06,3.389401172171347e-06,0.0
