{
  "rank_correlation": 0.9904347826086956,
  "stability_score": 0.996431468838043,
  "topk_overlap_k3": 1.0,
  "topk_overlap_k5": 1.0,
  "topk_overlap_k10": 1.0,
  "valid": true,
  "orig_prob": 0.9999371767044067,
  "pert_prob": 0.9999202489852905,
  "recovery_delta": {
    "mean_abs_diff": 0.00588613407065471,
    "max_abs_diff": 0.022188030183315277,
    "std_diff": 0.006424486368616597
  }
}