{
  "rank_correlation": 0.9582608695652173,
  "stability_score": 0.9893359118961214,
  "topk_overlap_k3": 1.0,
  "topk_overlap_k5": 1.0,
  "topk_overlap_k10": 1.0,
  "valid": true,
  "orig_prob": 0.999916672706604,
  "pert_prob": 0.999824583530426,
  "recovery_delta": {
    "mean_abs_diff": 0.0011465274759151118,
    "max_abs_diff": 0.022232457995414734,
    "std_diff": 0.00447544239178972
  }
}