{
  "rank_correlation": 0.9156521739130434,
  "stability_score": 0.8789123193322347,
  "topk_overlap_k3": 0.5,
  "topk_overlap_k5": 0.6666666666666666,
  "topk_overlap_k10": 0.8181818181818182,
  "valid": true,
  "orig_prob": 0.9998161196708679,
  "pert_prob": 0.9989144802093506,
  "recovery_delta": {
    "mean_abs_diff": 3.6207301311227034e-06,
    "max_abs_diff": 1.5145789802772924e-05,
    "std_diff": 3.987079701132704e-06
  }
}