{
  "rank_correlation": 0.9356521739130433,
  "stability_score": 0.8820886047041805,
  "topk_overlap_k3": 1.0,
  "topk_overlap_k5": 0.6666666666666666,
  "topk_overlap_k10": 0.8181818181818182,
  "valid": true,
  "orig_prob": 0.9999830722808838,
  "pert_prob": 0.9988353848457336,
  "recovery_delta": {
    "mean_abs_diff": 0.009122193870401437,
    "max_abs_diff": 0.12324562668800354,
    "std_diff": 0.02724756746806781
  }
}