{
  "rank_correlation": 0.9965217391304346,
  "stability_score": 0.9991085587332255,
  "topk_overlap_k3": 1.0,
  "topk_overlap_k5": 1.0,
  "topk_overlap_k10": 1.0,
  "valid": true,
  "orig_prob": 0.9999809265136719,
  "pert_prob": 0.9999804496765137,
  "recovery_delta": {
    "mean_abs_diff": 0.00010938024691616495,
    "max_abs_diff": 0.0007362407632172108,
    "std_diff": 0.00015812790332645252
  }
}