{
  "rank_correlation": 0.988695652173913,
  "stability_score": 0.9971726342102238,
  "topk_overlap_k3": 1.0,
  "topk_overlap_k5": 1.0,
  "topk_overlap_k10": 0.8181818181818182,
  "valid": true,
  "orig_prob": 0.9998812675476074,
  "pert_prob": 0.9998878240585327,
  "recovery_delta": {
    "mean_abs_diff": 6.394166272608952e-06,
    "max_abs_diff": 2.756988033070229e-05,
    "std_diff": 7.765031976687943e-06
  }
}