{
  "rank_correlation": 0.9939130434782607,
  "stability_score": 0.9984762629944378,
  "topk_overlap_k3": 1.0,
  "topk_overlap_k5": 1.0,
  "topk_overlap_k10": 0.8181818181818182,
  "valid": true,
  "orig_prob": 0.9999755620956421,
  "pert_prob": 0.9999762773513794,
  "recovery_delta": {
    "mean_abs_diff": 9.989375636602441e-06,
    "max_abs_diff": 2.384808612987399e-05,
    "std_diff": 6.957664445091998e-06
  }
}