{
  "rank_correlation": 0.9078260869565216,
  "stability_score": 0.8760690349658977,
  "topk_overlap_k3": 1.0,
  "topk_overlap_k5": 0.6666666666666666,
  "topk_overlap_k10": 0.8181818181818182,
  "valid": true,
  "orig_prob": 0.9999371767044067,
  "pert_prob": 0.9998799562454224,
  "recovery_delta": {
    "mean_abs_diff": 0.0044374338661630945,
    "max_abs_diff": 0.017777318134903908,
    "std_diff": 0.0044770794586821185
  }
}