{
  "rank_correlation": 0.9356521739130433,
  "stability_score": 0.8838283051224494,
  "topk_overlap_k3": 0.5,
  "topk_overlap_k5": 0.6666666666666666,
  "topk_overlap_k10": 0.6666666666666666,
  "valid": true,
  "orig_prob": 0.9981763362884521,
  "pert_prob": 0.9930052161216736,
  "recovery_delta": {
    "mean_abs_diff": 0.0004236917790573595,
    "max_abs_diff": 0.0030490681529045105,
    "std_diff": 0.0006927524797127325
  }
}