{
  "rank_correlation": 0.9556521739130434,
  "stability_score": 0.8888365856570399,
  "topk_overlap_k3": 1.0,
  "topk_overlap_k5": 0.6666666666666666,
  "topk_overlap_k10": 0.8181818181818182,
  "valid": true,
  "orig_prob": 0.9999809265136719,
  "pert_prob": 0.999981164932251,
  "recovery_delta": {
    "mean_abs_diff": 0.00038228910610390204,
    "max_abs_diff": 0.0010918062180280685,
    "std_diff": 0.0003054230060265103
  }
}