{
  "rank_correlation": 0.874782608695652,
  "stability_score": 0.8686910244484183,
  "topk_overlap_k3": 0.5,
  "topk_overlap_k5": 0.6666666666666666,
  "topk_overlap_k10": 0.8181818181818182,
  "valid": true,
  "orig_prob": 0.9862672090530396,
  "pert_prob": 0.9952622652053833,
  "recovery_delta": {
    "mean_abs_diff": 2.313862747390279e-05,
    "max_abs_diff": 0.00012964397319592535,
    "std_diff": 3.195747125993048e-05
  }
}