{
  "rank_correlation": 0.9991304347826085,
  "stability_score": 0.9997824607382155,
  "topk_overlap_k3": 1.0,
  "topk_overlap_k5": 1.0,
  "topk_overlap_k10": 1.0,
  "valid": true,
  "orig_prob": 0.9995768666267395,
  "pert_prob": 0.9995900988578796,
  "recovery_delta": {
    "mean_abs_diff": 7.397871826242408e-07,
    "max_abs_diff": 1.2105010682716966e-05,
    "std_diff": 2.441942007558763e-06
  }
}