{
  "rank_correlation": 0.9826086956521738,
  "stability_score": 0.895650962325796,
  "topk_overlap_k3": 0.5,
  "topk_overlap_k5": 0.6666666666666666,
  "topk_overlap_k10": 0.8181818181818182,
  "valid": true,
  "orig_prob": 0.9999797344207764,
  "pert_prob": 0.999980092048645,
  "recovery_delta": {
    "mean_abs_diff": 6.057936237387669e-06,
    "max_abs_diff": 1.518795033916831e-05,
    "std_diff": 3.876027399948454e-06
  }
}