{
  "rank_correlation": 0.9704347826086955,
  "stability_score": 0.890583390544938,
  "topk_overlap_k3": 0.5,
  "topk_overlap_k5": 0.6666666666666666,
  "topk_overlap_k10": 1.0,
  "valid": true,
  "orig_prob": 0.9999797344207764,
  "pert_prob": 0.9999767541885376,
  "recovery_delta": {
    "mean_abs_diff": 0.010126525536179543,
    "max_abs_diff": 0.05346159636974335,
    "std_diff": 0.013369164582781288
  }
}