{
  "rank_correlation": 0.9869565217391304,
  "stability_score": 0.9967353706263711,
  "topk_overlap_k3": 1.0,
  "topk_overlap_k5": 1.0,
  "topk_overlap_k10": 0.8181818181818182,
  "valid": true,
  "orig_prob": 0.9999755620956421,
  "pert_prob": 0.999975323677063,
  "recovery_delta": {
    "mean_abs_diff": 1.879904205755641e-05,
    "max_abs_diff": 5.2279268857091665e-05,
    "std_diff": 1.4790350334269304e-05
  }
}