src_idx,tgt_idx,true_label,baseline_P,P_after_multi5,delta_multi5
1536,1516,88,0.9999969005584717,0.9999969005584717,0.0
