{
  "rank_correlation": 0.9965217391304346,
  "stability_score": 0.9988521877589865,
  "topk_overlap_k3": 1.0,
  "topk_overlap_k5": 1.0,
  "topk_overlap_k10": 1.0,
  "valid": true,
  "orig_prob": 0.9999805688858032,
  "pert_prob": 0.9999804496765137,
  "recovery_delta": {
    "mean_abs_diff": 0.0013912351181109746,
    "max_abs_diff": 0.007142640650272369,
    "std_diff": 0.0016961694673562676
  }
}