{
  "rank_correlation": 0.8139130434782607,
  "stability_score": 0.8534009534123396,
  "topk_overlap_k3": 0.5,
  "topk_overlap_k5": 0.6666666666666666,
  "topk_overlap_k10": 0.6666666666666666,
  "valid": true,
  "orig_prob": 0.9998161196708679,
  "pert_prob": 0.9989144802093506,
  "recovery_delta": {
    "mean_abs_diff": 0.0003865372861279563,
    "max_abs_diff": 0.002038950100541115,
    "std_diff": 0.0006097517905945096
  }
}