{
  "rank_correlation": 0.9860869565217389,
  "stability_score": 0.8945457470568193,
  "topk_overlap_k3": 1.0,
  "topk_overlap_k5": 0.6666666666666666,
  "topk_overlap_k10": 0.8181818181818182,
  "valid": true,
  "orig_prob": 0.9999251365661621,
  "pert_prob": 0.9999141693115234,
  "recovery_delta": {
    "mean_abs_diff": 0.00987996036807696,
    "max_abs_diff": 0.03115120530128479,
    "std_diff": 0.008237993112701073
  }
}