{
  "rank_correlation": 0.9356521739130433,
  "stability_score": 0.9839110258715209,
  "topk_overlap_k3": 0.5,
  "topk_overlap_k5": 1.0,
  "topk_overlap_k10": 0.8181818181818182,
  "valid": true,
  "orig_prob": 0.9996137022972107,
  "pert_prob": 0.9966199398040771,
  "recovery_delta": {
    "mean_abs_diff": 1.0088033699654867e-05,
    "max_abs_diff": 3.9117301639635116e-05,
    "std_diff": 1.1343991329476003e-05
  }
}