{
  "rank_correlation": 0.9504347826086955,
  "stability_score": 0.8148163656360137,
  "topk_overlap_k3": 0.5,
  "topk_overlap_k5": 0.42857142857142855,
  "topk_overlap_k10": 0.8181818181818182,
  "valid": true,
  "orig_prob": 0.9999371767044067,
  "pert_prob": 0.9998464584350586,
  "recovery_delta": {
    "mean_abs_diff": 0.006818792937944333,
    "max_abs_diff": 0.03521794453263283,
    "std_diff": 0.007981623676566471
  }
}