{
  "rank_correlation": 0.9756521739130434,
  "stability_score": 0.993697346647648,
  "topk_overlap_k3": 0.5,
  "topk_overlap_k5": 1.0,
  "topk_overlap_k10": 0.8181818181818182,
  "valid": true,
  "orig_prob": 0.9999809265136719,
  "pert_prob": 0.999981164932251,
  "recovery_delta": {
    "mean_abs_diff": 0.0010784841530645888,
    "max_abs_diff": 0.004786500241607428,
    "std_diff": 0.0011863710664242202
  }
}