{
  "rank_correlation": 0.7408695652173911,
  "stability_score": 0.8352126664318358,
  "topk_overlap_k3": 0.2,
  "topk_overlap_k5": 0.6666666666666666,
  "topk_overlap_k10": 0.42857142857142855,
  "valid": true,
  "orig_prob": 0.9998812675476074,
  "pert_prob": 0.941905677318573,
  "recovery_delta": {
    "mean_abs_diff": 2.3624362559833873e-05,
    "max_abs_diff": 7.187708615674637e-05,
    "std_diff": 2.0114063763012737e-05
  }
}