src_idx,tgt_idx,true_label,baseline_P,P_after_multi5,delta_multi5
880,874,53,0.018885493278503418,0.29434671998023987,0.27546122670173645
