src_idx,tgt_idx,true_label,baseline_P,P_after_multi5,delta_multi5
858,836,52,2.1203022697591223e-05,2.1203022697591223e-05,0.0
