{
  "rank_correlation": 0.8608695652173911,
  "stability_score": 0.8651220309973249,
  "topk_overlap_k3": 1.0,
  "topk_overlap_k5": 0.6666666666666666,
  "topk_overlap_k10": 0.6666666666666666,
  "valid": true,
  "orig_prob": 0.9999809265136719,
  "pert_prob": 0.9949625730514526,
  "recovery_delta": {
    "mean_abs_diff": 0.00047680153511464596,
    "max_abs_diff": 0.0021842923015356064,
    "std_diff": 0.0005192415346845997
  }
}