{
  "rank_correlation": 0.8121739130434782,
  "stability_score": 0.8530295804687447,
  "topk_overlap_k3": 0.5,
  "topk_overlap_k5": 0.6666666666666666,
  "topk_overlap_k10": 0.42857142857142855,
  "valid": true,
  "orig_prob": 0.9862672090530396,
  "pert_prob": 0.7425165176391602,
  "recovery_delta": {
    "mean_abs_diff": 6.948896062416073e-05,
    "max_abs_diff": 0.0007478065090253949,
    "std_diff": 0.00014541845657280045
  }
}