src_idx,tgt_idx,true_label,baseline_P,P_after_multi5,delta_multi5
1436,1412,67,1.3981250504002674e-06,1.3981250504002674e-06,0.0
