{
  "rank_correlation": 0.9939130434782607,
  "stability_score": 0.9978797706313753,
  "topk_overlap_k3": 0.5,
  "topk_overlap_k5": 1.0,
  "topk_overlap_k10": 1.0,
  "valid": true,
  "orig_prob": 0.9999486207962036,
  "pert_prob": 0.9999361038208008,
  "recovery_delta": {
    "mean_abs_diff": 0.0029924511909484863,
    "max_abs_diff": 0.008447423577308655,
    "std_diff": 0.0024889340211508917
  }
}