{
  "rank_correlation": 0.9686956521739128,
  "stability_score": 0.891916950372844,
  "topk_overlap_k3": 1.0,
  "topk_overlap_k5": 0.6666666666666666,
  "topk_overlap_k10": 1.0,
  "valid": true,
  "orig_prob": 0.9999809265136719,
  "pert_prob": 0.999981164932251,
  "recovery_delta": {
    "mean_abs_diff": 0.0012848133531709511,
    "max_abs_diff": 0.005329035222530365,
    "std_diff": 0.0012519721265110409
  }
}