{
  "rank_correlation": 0.9930434782608695,
  "stability_score": 0.9981621933384947,
  "topk_overlap_k3": 1.0,
  "topk_overlap_k5": 1.0,
  "topk_overlap_k10": 0.8181818181818182,
  "valid": true,
  "orig_prob": 0.9999805688858032,
  "pert_prob": 0.9999794960021973,
  "recovery_delta": {
    "mean_abs_diff": 0.0004933811336134871,
    "max_abs_diff": 0.003073158673942089,
    "std_diff": 0.0006697297714954985
  }
}