{
  "rank_correlation": 0.997391304347826,
  "stability_score": 0.9992807136162899,
  "topk_overlap_k3": 1.0,
  "topk_overlap_k5": 1.0,
  "topk_overlap_k10": 1.0,
  "valid": true,
  "orig_prob": 0.9999755620956421,
  "pert_prob": 0.9999762773513794,
  "recovery_delta": {
    "mean_abs_diff": 0.0003355623533328374,
    "max_abs_diff": 0.0016524456441402435,
    "std_diff": 0.0003743225847037174
  }
}