{
  "rank_correlation": 0.9504347826086955,
  "stability_score": 0.9876086353491406,
  "topk_overlap_k3": 1.0,
  "topk_overlap_k5": 1.0,
  "topk_overlap_k10": 0.8181818181818182,
  "valid": true,
  "orig_prob": 0.9997360110282898,
  "pert_prob": 0.9997565150260925,
  "recovery_delta": {
    "mean_abs_diff": 3.0151516720403987e-07,
    "max_abs_diff": 1.5651100966351805e-06,
    "std_diff": 4.436407897995097e-07
  }
}