{
  "rank_correlation": 0.9226086956521738,
  "stability_score": 0.809220107542161,
  "topk_overlap_k3": 1.0,
  "topk_overlap_k5": 0.42857142857142855,
  "topk_overlap_k10": 0.6666666666666666,
  "valid": true,
  "orig_prob": 0.9999980926513672,
  "pert_prob": 0.9999821186065674,
  "recovery_delta": {
    "mean_abs_diff": 1.7474711555109934e-05,
    "max_abs_diff": 0.0001687396870693192,
    "std_diff": 3.6294472958302515e-05
  }
}