{
  "rank_correlation": 0.9747826086956521,
  "stability_score": 0.8930305222354398,
  "topk_overlap_k3": 1.0,
  "topk_overlap_k5": 0.6666666666666666,
  "topk_overlap_k10": 0.8181818181818182,
  "valid": true,
  "orig_prob": 0.9998812675476074,
  "pert_prob": 0.9997989535331726,
  "recovery_delta": {
    "mean_abs_diff": 0.0033256496923665204,
    "max_abs_diff": 0.015579402446746826,
    "std_diff": 0.005164604199575222
  }
}