{
  "rank_correlation": 0.994782608695652,
  "stability_score": 0.9984171091177689,
  "topk_overlap_k3": 1.0,
  "topk_overlap_k5": 1.0,
  "topk_overlap_k10": 0.8181818181818182,
  "valid": true,
  "orig_prob": 0.9999969005584717,
  "pert_prob": 0.9999966621398926,
  "recovery_delta": {
    "mean_abs_diff": 0.0013927152807203431,
    "max_abs_diff": 0.012324362993240356,
    "std_diff": 0.002651226868109761
  }
}