{
  "rank_correlation": 0.9817391304347826,
  "stability_score": 0.8954277228256029,
  "topk_overlap_k3": 1.0,
  "topk_overlap_k5": 0.6666666666666666,
  "topk_overlap_k10": 0.8181818181818182,
  "valid": true,
  "orig_prob": 0.9999755620956421,
  "pert_prob": 0.9999661445617676,
  "recovery_delta": {
    "mean_abs_diff": 3.5298915463499725e-05,
    "max_abs_diff": 0.00017056864453479648,
    "std_diff": 3.7005199759912464e-05
  }
}