{
  "rank_correlation": 0.9704347826086955,
  "stability_score": 0.9898441316446531,
  "topk_overlap_k3": 1.0,
  "topk_overlap_k5": 1.0,
  "topk_overlap_k10": 0.8181818181818182,
  "valid": true,
  "orig_prob": 0.9999371767044067,
  "pert_prob": 0.9998799562454224,
  "recovery_delta": {
    "mean_abs_diff": 0.013822820037603378,
    "max_abs_diff": 0.10436982661485672,
    "std_diff": 0.021422207177971393
  }
}