{
  "rank_correlation": 0.9747826086956521,
  "stability_score": 0.8911277310917343,
  "topk_overlap_k3": 1.0,
  "topk_overlap_k5": 0.6666666666666666,
  "topk_overlap_k10": 0.8181818181818182,
  "valid": true,
  "orig_prob": 0.9999251365661621,
  "pert_prob": 0.9999165534973145,
  "recovery_delta": {
    "mean_abs_diff": 0.012839605410893759,
    "max_abs_diff": 0.02707776427268982,
    "std_diff": 0.00791703762496492
  }
}