{
  "rank_correlation": 0.9260869565217391,
  "stability_score": 0.8787253714750187,
  "topk_overlap_k3": 0.5,
  "topk_overlap_k5": 0.6666666666666666,
  "topk_overlap_k10": 0.8181818181818182,
  "valid": true,
  "orig_prob": 0.9999830722808838,
  "pert_prob": 0.9999816417694092,
  "recovery_delta": {
    "mean_abs_diff": 0.013981838277080291,
    "max_abs_diff": 0.1735653355717659,
    "std_diff": 0.04224165673968609
  }
}