{
  "rank_correlation": 0.7843478260869564,
  "stability_score": 0.8460814129925066,
  "topk_overlap_k3": 0.5,
  "topk_overlap_k5": 0.6666666666666666,
  "topk_overlap_k10": 0.8181818181818182,
  "valid": true,
  "orig_prob": 0.9862672090530396,
  "pert_prob": 0.9765243530273438,
  "recovery_delta": {
    "mean_abs_diff": 2.7717646162273013e-05,
    "max_abs_diff": 0.0002776392502710223,
    "std_diff": 5.538389901986102e-05
  }
}