src_idx,tgt_idx,true_label,baseline_P,P_after_multi5,delta_multi5
1436,1437,67,1.3818687875755131e-05,1.3818687875755131e-05,0.0
