src_idx,tgt_idx,true_label,baseline_P,P_after_multi5,delta_multi5
1412,1436,67,0.9985235333442688,0.9985235333442688,0.0
