{
  "rank_correlation": 0.8582608695652173,
  "stability_score": 0.8632685141998302,
  "topk_overlap_k3": 0.5,
  "topk_overlap_k5": 0.6666666666666666,
  "topk_overlap_k10": 0.6666666666666666,
  "valid": true,
  "orig_prob": 0.9999371767044067,
  "pert_prob": 0.9988106489181519,
  "recovery_delta": {
    "mean_abs_diff": 0.0064835159573704,
    "max_abs_diff": 0.03894524462521076,
    "std_diff": 0.010613859580031009
  }
}