src_idx,tgt_idx,true_label,baseline_P,P_after_multi5,delta_multi5
2390,2407,92,0.9999661445617676,0.9999661445617676,0.0
