{
  "rank_correlation": 0.8008695652173912,
  "stability_score": 0.7752150850658214,
  "topk_overlap_k3": 0.5,
  "topk_overlap_k5": 0.42857142857142855,
  "topk_overlap_k10": 0.8181818181818182,
  "valid": true,
  "orig_prob": 0.9999486207962036,
  "pert_prob": 0.9996228218078613,
  "recovery_delta": {
    "mean_abs_diff": 0.017868674049774807,
    "max_abs_diff": 0.08253517746925354,
    "std_diff": 0.021562699583696773
  }
}