{
  "rank_correlation": 0.9504347826086955,
  "stability_score": 0.8876086683579852,
  "topk_overlap_k3": 1.0,
  "topk_overlap_k5": 0.6666666666666666,
  "topk_overlap_k10": 0.6666666666666666,
  "valid": true,
  "orig_prob": 0.9995768666267395,
  "pert_prob": 0.998561441898346,
  "recovery_delta": {
    "mean_abs_diff": 1.3647094313877042e-07,
    "max_abs_diff": 5.270723022476886e-07,
    "std_diff": 1.7226250030377209e-07
  }
}