{
  "rank_correlation": 0.9391304347826085,
  "stability_score": 0.884781939785241,
  "topk_overlap_k3": 1.0,
  "topk_overlap_k5": 0.6666666666666666,
  "topk_overlap_k10": 1.0,
  "valid": true,
  "orig_prob": 0.9981763362884521,
  "pert_prob": 0.9876684546470642,
  "recovery_delta": {
    "mean_abs_diff": 3.3445520557506825e-06,
    "max_abs_diff": 1.3015376680414192e-05,
    "std_diff": 3.6940514769439213e-06
  }
}