{
  "rank_correlation": 0.7608695652173912,
  "stability_score": 0.7687872416919208,
  "topk_overlap_k3": 0.5,
  "topk_overlap_k5": 0.42857142857142855,
  "topk_overlap_k10": 0.5384615384615384,
  "valid": true,
  "orig_prob": 0.9998812675476074,
  "pert_prob": 0.941905677318573,
  "recovery_delta": {
    "mean_abs_diff": 7.890919277997455e-06,
    "max_abs_diff": 2.6839586098503787e-05,
    "std_diff": 7.14286484507484e-06
  }
}