{
  "rank_correlation": 0.6956521739130433,
  "stability_score": 0.7524818275424624,
  "topk_overlap_k3": 0.5,
  "topk_overlap_k5": 0.42857142857142855,
  "topk_overlap_k10": 0.8181818181818182,
  "valid": true,
  "orig_prob": 0.9996137022972107,
  "pert_prob": 0.6282297372817993,
  "recovery_delta": {
    "mean_abs_diff": 1.3222536135041688e-05,
    "max_abs_diff": 5.544442683458328e-05,
    "std_diff": 1.4271200978813107e-05
  }
}