{
  "rank_correlation": 0.9504347826086955,
  "stability_score": 0.9864670704693138,
  "topk_overlap_k3": 0.5,
  "topk_overlap_k5": 1.0,
  "topk_overlap_k10": 1.0,
  "valid": true,
  "orig_prob": 0.999916672706604,
  "pert_prob": 0.9999228715896606,
  "recovery_delta": {
    "mean_abs_diff": 0.005708125914300884,
    "max_abs_diff": 0.11988688260316849,
    "std_diff": 0.02388841577392469
  }
}