{
  "rank_correlation": 0.9399999999999998,
  "stability_score": 0.8129785205531793,
  "topk_overlap_k3": 0.5,
  "topk_overlap_k5": 0.42857142857142855,
  "topk_overlap_k10": 0.8181818181818182,
  "valid": true,
  "orig_prob": 0.9999969005584717,
  "pert_prob": 0.9999969005584717,
  "recovery_delta": {
    "mean_abs_diff": 0.0029645400912462114,
    "max_abs_diff": 0.03322263062000275,
    "std_diff": 0.006940943329745204
  }
}