{
  "rank_correlation": 0.9939130434782607,
  "stability_score": 0.8984779801606344,
  "topk_overlap_k3": 1.0,
  "topk_overlap_k5": 0.6666666666666666,
  "topk_overlap_k10": 0.8181818181818182,
  "valid": true,
  "orig_prob": 0.9998812675476074,
  "pert_prob": 0.9998878240585327,
  "recovery_delta": {
    "mean_abs_diff": 1.4035446535369072e-06,
    "max_abs_diff": 4.909217750537209e-06,
    "std_diff": 1.261943547037069e-06
  }
}