src_idx,tgt_idx,true_label,baseline_P,P_after_multi5,delta_multi5
1162,1293,65,4.609280949807726e-05,4.609280949807726e-05,0.0
