{
  "rank_correlation": 0.9626086956521739,
  "stability_score": 0.8847536649868109,
  "topk_overlap_k3": 1.0,
  "topk_overlap_k5": 0.6666666666666666,
  "topk_overlap_k10": 0.8181818181818182,
  "valid": true,
  "orig_prob": 0.9999251365661621,
  "pert_prob": 0.9998879432678223,
  "recovery_delta": {
    "mean_abs_diff": 0.02949254463116328,
    "max_abs_diff": 0.08194786310195923,
    "std_diff": 0.022799454270822247
  }
}