src_idx,tgt_idx,true_label,baseline_P,P_after_multi5,delta_multi5
197,323,16,0.00099656218662858,0.00099656218662858,0.0
