{
  "rank_correlation": 0.84,
  "stability_score": 0.7885358068216954,
  "topk_overlap_k3": 0.2,
  "topk_overlap_k5": 0.42857142857142855,
  "topk_overlap_k10": 0.5384615384615384,
  "valid": true,
  "orig_prob": 0.9996137022972107,
  "pert_prob": 0.9994217157363892,
  "recovery_delta": {
    "mean_abs_diff": 0.00017810874866578766,
    "max_abs_diff": 0.002289148513227701,
    "std_diff": 0.0004596437469681357
  }
}