{
  "rank_correlation": 0.5599999999999999,
  "stability_score": 0.7062838469525533,
  "topk_overlap_k3": 0.5,
  "topk_overlap_k5": 0.42857142857142855,
  "topk_overlap_k10": 0.6666666666666666,
  "valid": true,
  "orig_prob": 0.9985607266426086,
  "pert_prob": 0.9412071108818054,
  "recovery_delta": {
    "mean_abs_diff": 0.061437908094376326,
    "max_abs_diff": 0.5439365655183792,
    "std_diff": 0.11763436929890041
  }
}