{
  "rank_correlation": 0.7252173913043477,
  "stability_score": 0.8068085579206978,
  "topk_overlap_k3": 0.5,
  "topk_overlap_k5": 0.6666666666666666,
  "topk_overlap_k10": 0.42857142857142855,
  "valid": true,
  "orig_prob": 0.9999533891677856,
  "pert_prob": 0.9994046688079834,
  "recovery_delta": {
    "mean_abs_diff": 0.12247894952694575,
    "max_abs_diff": 0.32967716455459595,
    "std_diff": 0.09993673997953105
  }
}