{
  "rank_correlation": 0.9782608695652173,
  "stability_score": 0.9940816141850255,
  "topk_overlap_k3": 0.5,
  "topk_overlap_k5": 1.0,
  "topk_overlap_k10": 0.8181818181818182,
  "valid": true,
  "orig_prob": 0.9999830722808838,
  "pert_prob": 0.9999809265136719,
  "recovery_delta": {
    "mean_abs_diff": 0.002418016031394169,
    "max_abs_diff": 0.03847944736480713,
    "std_diff": 0.007951287770854751
  }
}