{
  "rank_correlation": 0.994782608695652,
  "stability_score": 0.9982808253287837,
  "topk_overlap_k3": 1.0,
  "topk_overlap_k5": 1.0,
  "topk_overlap_k10": 1.0,
  "valid": true,
  "orig_prob": 0.9999805688858032,
  "pert_prob": 0.9999750852584839,
  "recovery_delta": {
    "mean_abs_diff": 0.0020741342256466546,
    "max_abs_diff": 0.011149432510137558,
    "std_diff": 0.0026792855865927522
  }
}