{
  "rank_correlation": 0.8669565217391304,
  "stability_score": 0.9598524125093135,
  "topk_overlap_k3": 0.5,
  "topk_overlap_k5": 1.0,
  "topk_overlap_k10": 0.8181818181818182,
  "valid": true,
  "orig_prob": 0.9999486207962036,
  "pert_prob": 0.9998664855957031,
  "recovery_delta": {
    "mean_abs_diff": 0.034433589627345405,
    "max_abs_diff": 0.1231866329908371,
    "std_diff": 0.02911571721311119
  }
}