{
  "rank_correlation": 0.8895652173913042,
  "stability_score": 0.8006241353546071,
  "topk_overlap_k3": 0.5,
  "topk_overlap_k5": 0.42857142857142855,
  "topk_overlap_k10": 0.6666666666666666,
  "valid": true,
  "orig_prob": 0.9999809265136719,
  "pert_prob": 0.9949625730514526,
  "recovery_delta": {
    "mean_abs_diff": 0.0016929878232379754,
    "max_abs_diff": 0.008126834407448769,
    "std_diff": 0.001883532328426666
  }
}