{
  "rank_correlation": 0.9808695652173912,
  "stability_score": 0.993889645377471,
  "topk_overlap_k3": 1.0,
  "topk_overlap_k5": 1.0,
  "topk_overlap_k10": 0.8181818181818182,
  "valid": true,
  "orig_prob": 0.9999805688858032,
  "pert_prob": 0.9999758005142212,
  "recovery_delta": {
    "mean_abs_diff": 0.0066387296343843145,
    "max_abs_diff": 0.026628978550434113,
    "std_diff": 0.008054510063080847
  }
}