{
  "rank_correlation": 0.9852173913043477,
  "stability_score": 0.9963038692416378,
  "topk_overlap_k3": 1.0,
  "topk_overlap_k5": 1.0,
  "topk_overlap_k10": 0.8181818181818182,
  "valid": true,
  "orig_prob": 0.9998812675476074,
  "pert_prob": 0.9998693466186523,
  "recovery_delta": {
    "mean_abs_diff": 2.3929222455384056e-06,
    "max_abs_diff": 6.520362148876302e-06,
    "std_diff": 2.1822428766461715e-06
  }
}