{
  "rank_correlation": 0.7669565217391304,
  "stability_score": 0.7703074028315554,
  "topk_overlap_k3": 0.2,
  "topk_overlap_k5": 0.42857142857142855,
  "topk_overlap_k10": 0.6666666666666666,
  "valid": true,
  "orig_prob": 0.9996137022972107,
  "pert_prob": 0.9544575214385986,
  "recovery_delta": {
    "mean_abs_diff": 1.578087327895143e-05,
    "max_abs_diff": 5.334817979019135e-05,
    "std_diff": 1.6269051930939844e-05
  }
}