{
  "rank_correlation": 0.9982608695652172,
  "stability_score": 0.9981542422703427,
  "topk_overlap_k3": 1.0,
  "topk_overlap_k5": 1.0,
  "topk_overlap_k10": 1.0,
  "valid": true,
  "orig_prob": 0.9999905824661255,
  "pert_prob": 0.9999901056289673,
  "recovery_delta": {
    "mean_abs_diff": 0.0070548756048083305,
    "max_abs_diff": 0.031129002571105957,
    "std_diff": 0.007500925377260538
  }
}