{
  "rank_correlation": 0.9513043478260867,
  "stability_score": 0.8878215774492325,
  "topk_overlap_k3": 0.5,
  "topk_overlap_k5": 0.6666666666666666,
  "topk_overlap_k10": 0.6666666666666666,
  "valid": true,
  "orig_prob": 0.9998812675476074,
  "pert_prob": 0.9997989535331726,
  "recovery_delta": {
    "mean_abs_diff": 2.2547536445927108e-05,
    "max_abs_diff": 0.00012457644697860815,
    "std_diff": 3.5637129438615355e-05
  }
}