{
  "rank_correlation": 0.9243478260869564,
  "stability_score": 0.8068058847389173,
  "topk_overlap_k3": 0.5,
  "topk_overlap_k5": 0.42857142857142855,
  "topk_overlap_k10": 0.8181818181818182,
  "valid": true,
  "orig_prob": 0.9999797344207764,
  "pert_prob": 0.9999369382858276,
  "recovery_delta": {
    "mean_abs_diff": 0.01426250177125136,
    "max_abs_diff": 0.06557296216487885,
    "std_diff": 0.015246444672956508
  }
}