{
  "rank_correlation": 0.9999999999999999,
  "stability_score": 0.9999998912843618,
  "topk_overlap_k3": 1.0,
  "topk_overlap_k5": 1.0,
  "topk_overlap_k10": 1.0,
  "valid": true,
  "orig_prob": 0.9981763362884521,
  "pert_prob": 0.9983184337615967,
  "recovery_delta": {
    "mean_abs_diff": 5.435781910515894e-07,
    "max_abs_diff": 6.049849616829306e-06,
    "std_diff": 1.2043888379615113e-06
  }
}