{
  "rank_correlation": 0.7591304347826088,
  "stability_score": 0.7682025944579339,
  "topk_overlap_k3": 1.0,
  "topk_overlap_k5": 0.42857142857142855,
  "topk_overlap_k10": 0.6666666666666666,
  "valid": true,
  "orig_prob": 0.9981763362884521,
  "pert_prob": 0.9871215224266052,
  "recovery_delta": {
    "mean_abs_diff": 0.0007572140457341447,
    "max_abs_diff": 0.0030842828564345837,
    "std_diff": 0.0008016922599517948
  }
}