{
  "rank_correlation": 0.8973913043478261,
  "stability_score": 0.8608425321613533,
  "topk_overlap_k3": 0.5,
  "topk_overlap_k5": 0.6666666666666666,
  "topk_overlap_k10": 0.8181818181818182,
  "valid": true,
  "orig_prob": 0.9999533891677856,
  "pert_prob": 0.9998553991317749,
  "recovery_delta": {
    "mean_abs_diff": 0.06752646962801616,
    "max_abs_diff": 0.20152902603149414,
    "std_diff": 0.05998324376564472
  }
}