{
  "rank_correlation": 0.9791304347826085,
  "stability_score": 0.9947825640500078,
  "topk_overlap_k3": 1.0,
  "topk_overlap_k5": 1.0,
  "topk_overlap_k10": 1.0,
  "valid": true,
  "orig_prob": 0.9999980926513672,
  "pert_prob": 0.9999505281448364,
  "recovery_delta": {
    "mean_abs_diff": 2.232282221015236e-07,
    "max_abs_diff": 1.9582049617383745e-06,
    "std_diff": 4.843362044020317e-07
  }
}