{
  "rank_correlation": 0.994782608695652,
  "stability_score": 0.997432951864557,
  "topk_overlap_k3": 1.0,
  "topk_overlap_k5": 1.0,
  "topk_overlap_k10": 0.8181818181818182,
  "valid": true,
  "orig_prob": 0.9999486207962036,
  "pert_prob": 0.9999098777770996,
  "recovery_delta": {
    "mean_abs_diff": 0.006313501546780269,
    "max_abs_diff": 0.025410711765289307,
    "std_diff": 0.006262058290985958
  }
}