{
  "rank_correlation": 0.988695652173913,
  "stability_score": 0.9965286974824857,
  "topk_overlap_k3": 1.0,
  "topk_overlap_k5": 1.0,
  "topk_overlap_k10": 0.8181818181818182,
  "valid": true,
  "orig_prob": 0.9999486207962036,
  "pert_prob": 0.9999487400054932,
  "recovery_delta": {
    "mean_abs_diff": 0.003226077804962794,
    "max_abs_diff": 0.0087202787399292,
    "std_diff": 0.00235935045292993
  }
}