{
  "rank_correlation": 0.697391304347826,
  "stability_score": 0.7529120196500271,
  "topk_overlap_k3": 0.2,
  "topk_overlap_k5": 0.42857142857142855,
  "topk_overlap_k10": 0.5384615384615384,
  "valid": true,
  "orig_prob": 0.9862672090530396,
  "pert_prob": 0.9765243530273438,
  "recovery_delta": {
    "mean_abs_diff": 3.6175041789950534e-05,
    "max_abs_diff": 0.00017262213805224746,
    "std_diff": 3.807344373509739e-05
  }
}