{
  "rank_correlation": 0.9982608695652172,
  "stability_score": 0.9992408695277097,
  "topk_overlap_k3": 1.0,
  "topk_overlap_k5": 1.0,
  "topk_overlap_k10": 1.0,
  "valid": true,
  "orig_prob": 0.9999251365661621,
  "pert_prob": 0.9999293088912964,
  "recovery_delta": {
    "mean_abs_diff": 0.0016217393179734547,
    "max_abs_diff": 0.006009101867675781,
    "std_diff": 0.001625602700843733
  }
}