{
  "rank_correlation": 0.8956521739130434,
  "stability_score": 0.8732656722411722,
  "topk_overlap_k3": 1.0,
  "topk_overlap_k5": 0.6666666666666666,
  "topk_overlap_k10": 0.8181818181818182,
  "valid": true,
  "orig_prob": 0.9999661445617676,
  "pert_prob": 0.9998842477798462,
  "recovery_delta": {
    "mean_abs_diff": 0.0032368561854430786,
    "max_abs_diff": 0.047998808324337006,
    "std_diff": 0.00947925800813055
  }
}