{
  "rank_correlation": 0.9765217391304346,
  "stability_score": 0.9938324140267365,
  "topk_overlap_k3": 1.0,
  "topk_overlap_k5": 1.0,
  "topk_overlap_k10": 0.6666666666666666,
  "valid": true,
  "orig_prob": 0.9999371767044067,
  "pert_prob": 0.9999202489852905,
  "recovery_delta": {
    "mean_abs_diff": 0.001490103779360652,
    "max_abs_diff": 0.01058921404182911,
    "std_diff": 0.0027732626934552727
  }
}