{
  "rank_correlation": 0.9913043478260868,
  "stability_score": 0.9972040436945964,
  "topk_overlap_k3": 1.0,
  "topk_overlap_k5": 1.0,
  "topk_overlap_k10": 1.0,
  "valid": true,
  "orig_prob": 0.9999371767044067,
  "pert_prob": 0.9999202489852905,
  "recovery_delta": {
    "mean_abs_diff": 0.0031102163096268973,
    "max_abs_diff": 0.014700248837471008,
    "std_diff": 0.003692179577759728
  }
}