{
  "rank_correlation": 0.9730434782608696,
  "stability_score": 0.9904817045545534,
  "topk_overlap_k3": 0.5,
  "topk_overlap_k5": 1.0,
  "topk_overlap_k10": 0.8181818181818182,
  "valid": true,
  "orig_prob": 0.9999661445617676,
  "pert_prob": 0.9999524354934692,
  "recovery_delta": {
    "mean_abs_diff": 0.013895825053320246,
    "max_abs_diff": 0.32363658025860786,
    "std_diff": 0.0645934417051917
  }
}