{
  "rank_correlation": 0.9913043478260868,
  "stability_score": 0.9978260820393634,
  "topk_overlap_k3": 1.0,
  "topk_overlap_k5": 1.0,
  "topk_overlap_k10": 1.0,
  "valid": true,
  "orig_prob": 0.9995768666267395,
  "pert_prob": 0.9996190071105957,
  "recovery_delta": {
    "mean_abs_diff": 2.4585791328727662e-08,
    "max_abs_diff": 2.2416838874050882e-07,
    "std_diff": 4.7417913746936864e-08
  }
}