{
  "rank_correlation": 0.9582608695652173,
  "stability_score": 0.8866830458516909,
  "topk_overlap_k3": 1.0,
  "topk_overlap_k5": 0.6666666666666666,
  "topk_overlap_k10": 0.8181818181818182,
  "valid": true,
  "orig_prob": 0.9999830722808838,
  "pert_prob": 0.9999719858169556,
  "recovery_delta": {
    "mean_abs_diff": 0.014410857698067048,
    "max_abs_diff": 0.3173144906759262,
    "std_diff": 0.06323223820122768
  }
}