{
  "rank_correlation": 0.9895652173913043,
  "stability_score": 0.8972012064160536,
  "topk_overlap_k3": 1.0,
  "topk_overlap_k5": 0.6666666666666666,
  "topk_overlap_k10": 1.0,
  "valid": true,
  "orig_prob": 0.9999755620956421,
  "pert_prob": 0.9999661445617676,
  "recovery_delta": {
    "mean_abs_diff": 0.0009504896588623524,
    "max_abs_diff": 0.0036428160965442657,
    "std_diff": 0.0009225839549627748
  }
}