{
  "rank_correlation": 0.8991304347826086,
  "stability_score": 0.8033457935745126,
  "topk_overlap_k3": 0.5,
  "topk_overlap_k5": 0.42857142857142855,
  "topk_overlap_k10": 0.8181818181818182,
  "valid": true,
  "orig_prob": 0.9999980926513672,
  "pert_prob": 0.9999778270721436,
  "recovery_delta": {
    "mean_abs_diff": 4.121846284022013e-05,
    "max_abs_diff": 0.0006894818798173219,
    "std_diff": 0.000138464685111172
  }
}