{
  "rank_correlation": 0.7695652173913042,
  "stability_score": 0.7709596744219651,
  "topk_overlap_k3": 0.5,
  "topk_overlap_k5": 0.42857142857142855,
  "topk_overlap_k10": 0.5384615384615384,
  "valid": true,
  "orig_prob": 0.9999797344207764,
  "pert_prob": 0.9999369382858276,
  "recovery_delta": {
    "mean_abs_diff": 1.529248644753049e-05,
    "max_abs_diff": 5.612446693703532e-05,
    "std_diff": 1.5034978193651099e-05
  }
}