{
  "rank_correlation": 0.9982608695652172,
  "stability_score": 0.9992615920758766,
  "topk_overlap_k3": 1.0,
  "topk_overlap_k5": 1.0,
  "topk_overlap_k10": 1.0,
  "valid": true,
  "orig_prob": 0.9999486207962036,
  "pert_prob": 0.9999434947967529,
  "recovery_delta": {
    "mean_abs_diff": 0.0015181265771389008,
    "max_abs_diff": 0.004724383354187012,
    "std_diff": 0.0013534185246477164
  }
}