{
  "rank_correlation": 0.9913043478260868,
  "stability_score": 0.9978254613062876,
  "topk_overlap_k3": 1.0,
  "topk_overlap_k5": 1.0,
  "topk_overlap_k10": 1.0,
  "valid": true,
  "orig_prob": 0.9995768666267395,
  "pert_prob": 0.9996190071105957,
  "recovery_delta": {
    "mean_abs_diff": 3.128251170399684e-06,
    "max_abs_diff": 4.647928290069103e-05,
    "std_diff": 9.616354245626491e-06
  }
}