{
  "rank_correlation": 0.9417391304347826,
  "stability_score": 0.8854347658456009,
  "topk_overlap_k3": 0.5,
  "topk_overlap_k5": 0.6666666666666666,
  "topk_overlap_k10": 0.8181818181818182,
  "valid": true,
  "orig_prob": 0.9999980926513672,
  "pert_prob": 0.9999963045120239,
  "recovery_delta": {
    "mean_abs_diff": 8.381547352461401e-08,
    "max_abs_diff": 7.164799029624191e-07,
    "std_diff": 1.7105689997958288e-07
  }
}