{
  "rank_correlation": 0.988695652173913,
  "stability_score": 0.9971177655689931,
  "topk_overlap_k3": 1.0,
  "topk_overlap_k5": 1.0,
  "topk_overlap_k10": 1.0,
  "valid": true,
  "orig_prob": 0.9999805688858032,
  "pert_prob": 0.9999750852584839,
  "recovery_delta": {
    "mean_abs_diff": 0.00028073737242569524,
    "max_abs_diff": 0.0024498687125742435,
    "std_diff": 0.0004910908196889684
  }
}