{
  "rank_correlation": 0.9956521739130434,
  "stability_score": 0.998791605176782,
  "topk_overlap_k3": 1.0,
  "topk_overlap_k5": 1.0,
  "topk_overlap_k10": 1.0,
  "valid": true,
  "orig_prob": 0.9999905824661255,
  "pert_prob": 0.9999899864196777,
  "recovery_delta": {
    "mean_abs_diff": 0.0006071915073941151,
    "max_abs_diff": 0.0026898873038589954,
    "std_diff": 0.0007247237339214741
  }
}