{
  "rank_correlation": 0.997391304347826,
  "stability_score": 0.9993401812091873,
  "topk_overlap_k3": 1.0,
  "topk_overlap_k5": 1.0,
  "topk_overlap_k10": 0.8181818181818182,
  "valid": true,
  "orig_prob": 0.9999809265136719,
  "pert_prob": 0.9999804496765137,
  "recovery_delta": {
    "mean_abs_diff": 3.822438884526491e-05,
    "max_abs_diff": 0.00019069761037826538,
    "std_diff": 4.235140025119659e-05
  }
}