{
  "rank_correlation": 0.8443478260869565,
  "stability_score": 0.7892956805487814,
  "topk_overlap_k3": 0.5,
  "topk_overlap_k5": 0.42857142857142855,
  "topk_overlap_k10": 0.6666666666666666,
  "valid": true,
  "orig_prob": 0.9999969005584717,
  "pert_prob": 0.999987006187439,
  "recovery_delta": {
    "mean_abs_diff": 0.001813522721931804,
    "max_abs_diff": 0.008731355890631676,
    "std_diff": 0.0020682587274468193
  }
}