{
  "rank_correlation": 0.8721739130434782,
  "stability_score": 0.7860047071126307,
  "topk_overlap_k3": 0.2,
  "topk_overlap_k5": 0.42857142857142855,
  "topk_overlap_k10": 0.8181818181818182,
  "valid": true,
  "orig_prob": 0.9999251365661621,
  "pert_prob": 0.9995238780975342,
  "recovery_delta": {
    "mean_abs_diff": 0.05305099859833717,
    "max_abs_diff": 0.1474784016609192,
    "std_diff": 0.04530422133669283
  }
}