{
  "rank_correlation": 0.7678260869565217,
  "stability_score": 0.770522405541761,
  "topk_overlap_k3": 0.5,
  "topk_overlap_k5": 0.42857142857142855,
  "topk_overlap_k10": 0.5384615384615384,
  "valid": true,
  "orig_prob": 0.9862672090530396,
  "pert_prob": 0.9900729656219482,
  "recovery_delta": {
    "mean_abs_diff": 2.772384398970947e-05,
    "max_abs_diff": 0.00012397542013786733,
    "std_diff": 3.23649526889172e-05
  }
}