src_idx,tgt_idx,true_label,baseline_P,P_after_multi5,delta_multi5
197,366,16,0.0005051745683886111,0.0005051745683886111,0.0
