{
  "rank_correlation": 0.8113043478260868,
  "stability_score": 0.781389815975007,
  "topk_overlap_k3": 1.0,
  "topk_overlap_k5": 0.42857142857142855,
  "topk_overlap_k10": 0.5384615384615384,
  "valid": true,
  "orig_prob": 0.9999980926513672,
  "pert_prob": 0.9999505281448364,
  "recovery_delta": {
    "mean_abs_diff": 3.849776471653854e-05,
    "max_abs_diff": 0.0003068885998800397,
    "std_diff": 8.379757012402111e-05
  }
}