{
  "rank_correlation": 0.7982608695652172,
  "stability_score": 0.8494736296390185,
  "topk_overlap_k3": 0.2,
  "topk_overlap_k5": 0.6666666666666666,
  "topk_overlap_k10": 0.6666666666666666,
  "valid": true,
  "orig_prob": 0.9998161196708679,
  "pert_prob": 0.9637374877929688,
  "recovery_delta": {
    "mean_abs_diff": 0.0004579387614285224,
    "max_abs_diff": 0.0038850305136293173,
    "std_diff": 0.0008205883906279824
  }
}