{
  "rank_correlation": 0.9965217391304346,
  "stability_score": 0.9988635529994041,
  "topk_overlap_k3": 1.0,
  "topk_overlap_k5": 1.0,
  "topk_overlap_k10": 1.0,
  "valid": true,
  "orig_prob": 0.9999830722808838,
  "pert_prob": 0.9999790191650391,
  "recovery_delta": {
    "mean_abs_diff": 0.0013344089160227668,
    "max_abs_diff": 0.012374285608530045,
    "std_diff": 0.003336825787601297
  }
}