{
  "rank_correlation": 0.997391304347826,
  "stability_score": 0.9993473530542752,
  "topk_overlap_k3": 0.5,
  "topk_overlap_k5": 1.0,
  "topk_overlap_k10": 1.0,
  "valid": true,
  "orig_prob": 0.9999797344207764,
  "pert_prob": 0.9999767541885376,
  "recovery_delta": {
    "mean_abs_diff": 2.3651634061631435e-06,
    "max_abs_diff": 8.550297934561968e-06,
    "std_diff": 2.2008546919488667e-06
  }
}