src_idx,tgt_idx,true_label,baseline_P,P_after_multi5,delta_multi5
1162,1304,65,2.247264092147816e-05,2.247264092147816e-05,0.0
