{
  "rank_correlation": 0.9443478260869566,
  "stability_score": 0.886085658601897,
  "topk_overlap_k3": 1.0,
  "topk_overlap_k5": 0.6666666666666666,
  "topk_overlap_k10": 0.8181818181818182,
  "valid": true,
  "orig_prob": 0.9985235333442688,
  "pert_prob": 0.999142050743103,
  "recovery_delta": {
    "mean_abs_diff": 6.489599210605472e-06,
    "max_abs_diff": 5.143882299307734e-05,
    "std_diff": 1.033726042399394e-05
  }
}