{
  "rank_correlation": 0.96,
  "stability_score": 0.8895865107538217,
  "topk_overlap_k3": 1.0,
  "topk_overlap_k5": 0.6666666666666666,
  "topk_overlap_k10": 0.8181818181818182,
  "valid": true,
  "orig_prob": 0.9999661445617676,
  "pert_prob": 0.9998663663864136,
  "recovery_delta": {
    "mean_abs_diff": 0.0020674462308913157,
    "max_abs_diff": 0.04385166987776756,
    "std_diff": 0.008731486084710626
  }
}