{
  "rank_correlation": 0.9956521739130434,
  "stability_score": 0.898851541752684,
  "topk_overlap_k3": 1.0,
  "topk_overlap_k5": 0.6666666666666666,
  "topk_overlap_k10": 1.0,
  "valid": true,
  "orig_prob": 0.9999809265136719,
  "pert_prob": 0.9999804496765137,
  "recovery_delta": {
    "mean_abs_diff": 0.00030750862788408995,
    "max_abs_diff": 0.0012790169566869736,
    "std_diff": 0.0002720399743281049
  }
}