{
  "rank_correlation": 0.9895652173913043,
  "stability_score": 0.997390858789373,
  "topk_overlap_k3": 1.0,
  "topk_overlap_k5": 1.0,
  "topk_overlap_k10": 0.8181818181818182,
  "valid": true,
  "orig_prob": 0.9998812675476074,
  "pert_prob": 0.9998806715011597,
  "recovery_delta": {
    "mean_abs_diff": 2.2277922653302085e-06,
    "max_abs_diff": 1.3585034139396157e-05,
    "std_diff": 3.422127372823244e-06
  }
}