{
  "rank_correlation": 0.9782608695652173,
  "stability_score": 0.9944501141497049,
  "topk_overlap_k3": 1.0,
  "topk_overlap_k5": 1.0,
  "topk_overlap_k10": 0.8181818181818182,
  "valid": true,
  "orig_prob": 0.9999969005584717,
  "pert_prob": 0.9999961853027344,
  "recovery_delta": {
    "mean_abs_diff": 0.0005755162079973767,
    "max_abs_diff": 0.003903942182660103,
    "std_diff": 0.0008711216300515464
  }
}