src_idx,tgt_idx,true_label,baseline_P,P_after_multi5,delta_multi5
1516,1468,88,0.0011922538978978992,0.0011922538978978992,0.0
