{
  "rank_correlation": 0.9095652173913044,
  "stability_score": 0.8057687881217528,
  "topk_overlap_k3": 0.5,
  "topk_overlap_k5": 0.42857142857142855,
  "topk_overlap_k10": 0.8181818181818182,
  "valid": true,
  "orig_prob": 0.9999969005584717,
  "pert_prob": 0.9999969005584717,
  "recovery_delta": {
    "mean_abs_diff": 0.0009697239875094965,
    "max_abs_diff": 0.005195846781134605,
    "std_diff": 0.0011514379279051433
  }
}