{
  "rank_correlation": 0.9417391304347826,
  "stability_score": 0.9854347456355051,
  "topk_overlap_k3": 1.0,
  "topk_overlap_k5": 1.0,
  "topk_overlap_k10": 0.8181818181818182,
  "valid": true,
  "orig_prob": 0.9997360110282898,
  "pert_prob": 0.9998677968978882,
  "recovery_delta": {
    "mean_abs_diff": 1.848659524720612e-07,
    "max_abs_diff": 1.495049218647182e-06,
    "std_diff": 2.897856164049753e-07
  }
}