{
  "rank_correlation": 0.983478260869565,
  "stability_score": 0.8891106954054987,
  "topk_overlap_k3": 1.0,
  "topk_overlap_k5": 0.6666666666666666,
  "topk_overlap_k10": 1.0,
  "valid": true,
  "orig_prob": 0.9999418258666992,
  "pert_prob": 0.9999133348464966,
  "recovery_delta": {
    "mean_abs_diff": 0.03379434905946255,
    "max_abs_diff": 0.11544784903526306,
    "std_diff": 0.02687588126783833
  }
}