{
  "rank_correlation": 0.9243478260869564,
  "stability_score": 0.8810317719325993,
  "topk_overlap_k3": 0.5,
  "topk_overlap_k5": 0.6666666666666666,
  "topk_overlap_k10": 0.8181818181818182,
  "valid": true,
  "orig_prob": 0.9997360110282898,
  "pert_prob": 0.9997565150260925,
  "recovery_delta": {
    "mean_abs_diff": 0.0002759229456993732,
    "max_abs_diff": 0.002780038397759199,
    "std_diff": 0.0006213785525539726
  }
}