{
  "rank_correlation": 0.994782608695652,
  "stability_score": 0.8979515934854313,
  "topk_overlap_k3": 1.0,
  "topk_overlap_k5": 0.6666666666666666,
  "topk_overlap_k10": 0.8181818181818182,
  "valid": true,
  "orig_prob": 0.9999486207962036,
  "pert_prob": 0.9999361038208008,
  "recovery_delta": {
    "mean_abs_diff": 0.0037202934424082437,
    "max_abs_diff": 0.010229527950286865,
    "std_diff": 0.0033155330412780763
  }
}