{
  "rank_correlation": 0.766086956521739,
  "stability_score": 0.7697418071180302,
  "topk_overlap_k3": 1.0,
  "topk_overlap_k5": 0.42857142857142855,
  "topk_overlap_k10": 0.6666666666666666,
  "valid": true,
  "orig_prob": 0.9999809265136719,
  "pert_prob": 0.9949625730514526,
  "recovery_delta": {
    "mean_abs_diff": 0.0017568029191655417,
    "max_abs_diff": 0.006006517913192511,
    "std_diff": 0.001598363001372265
  }
}