{
  "rank_correlation": 0.9686956521739128,
  "stability_score": 0.9910818996191755,
  "topk_overlap_k3": 0.5,
  "topk_overlap_k5": 1.0,
  "topk_overlap_k10": 0.6666666666666666,
  "valid": true,
  "orig_prob": 0.9999830722808838,
  "pert_prob": 0.999982476234436,
  "recovery_delta": {
    "mean_abs_diff": 0.005460067121513627,
    "max_abs_diff": 0.08700104057788849,
    "std_diff": 0.017706848903228694
  }
}