{
  "rank_correlation": 0.8252173913043478,
  "stability_score": 0.7833917605651708,
  "topk_overlap_k3": 0.5,
  "topk_overlap_k5": 0.42857142857142855,
  "topk_overlap_k10": 0.8181818181818182,
  "valid": true,
  "orig_prob": 0.9999371767044067,
  "pert_prob": 0.9988106489181519,
  "recovery_delta": {
    "mean_abs_diff": 0.0074200791617234545,
    "max_abs_diff": 0.04249482601881027,
    "std_diff": 0.010328760978834086
  }
}