{
  "rank_correlation": 0.9930434782608695,
  "stability_score": 0.8959903417603261,
  "topk_overlap_k3": 1.0,
  "topk_overlap_k5": 0.6666666666666666,
  "topk_overlap_k10": 0.8181818181818182,
  "valid": true,
  "orig_prob": 0.9999418258666992,
  "pert_prob": 0.9999328851699829,
  "recovery_delta": {
    "mean_abs_diff": 0.011352639024456343,
    "max_abs_diff": 0.05613243579864502,
    "std_diff": 0.011495576159283021
  }
}