{
  "rank_correlation": 0.9521739130434782,
  "stability_score": 0.9874952101741683,
  "topk_overlap_k3": 0.5,
  "topk_overlap_k5": 1.0,
  "topk_overlap_k10": 1.0,
  "valid": true,
  "orig_prob": 0.999916672706604,
  "pert_prob": 0.9998985528945923,
  "recovery_delta": {
    "mean_abs_diff": 0.0027413404335068967,
    "max_abs_diff": 0.04840954393148422,
    "std_diff": 0.009673630805502053
  }
}