{
  "rank_correlation": 0.9843478260869565,
  "stability_score": 0.9960867060213869,
  "topk_overlap_k3": 1.0,
  "topk_overlap_k5": 1.0,
  "topk_overlap_k10": 0.8181818181818182,
  "valid": true,
  "orig_prob": 0.9998812675476074,
  "pert_prob": 0.9998868703842163,
  "recovery_delta": {
    "mean_abs_diff": 1.2525017609732458e-06,
    "max_abs_diff": 5.055874680692796e-06,
    "std_diff": 1.48671308864819e-06
  }
}