{
  "rank_correlation": 0.9913043478260868,
  "stability_score": 0.8961357027076292,
  "topk_overlap_k3": 1.0,
  "topk_overlap_k5": 0.6666666666666666,
  "topk_overlap_k10": 1.0,
  "valid": true,
  "orig_prob": 0.9999251365661621,
  "pert_prob": 0.9999145269393921,
  "recovery_delta": {
    "mean_abs_diff": 0.008451921244462332,
    "max_abs_diff": 0.03332066535949707,
    "std_diff": 0.007629544416551112
  }
}