src_idx,tgt_idx,true_label,baseline_P,P_after_multi5,delta_multi5
2222,1742,90,1.4446133718593046e-05,1.4446133718593046e-05,0.0
