{
  "rank_correlation": 0.8765217391304346,
  "stability_score": 0.8690632949209933,
  "topk_overlap_k3": 0.5,
  "topk_overlap_k5": 0.6666666666666666,
  "topk_overlap_k10": 0.8181818181818182,
  "valid": true,
  "orig_prob": 0.9997360110282898,
  "pert_prob": 0.9990911483764648,
  "recovery_delta": {
    "mean_abs_diff": 0.0003356993080766794,
    "max_abs_diff": 0.0050905379466712475,
    "std_diff": 0.001010426233203088
  }
}