{
  "rank_correlation": 0.8113043478260868,
  "stability_score": 0.7811515395310006,
  "topk_overlap_k3": 0.5,
  "topk_overlap_k5": 0.42857142857142855,
  "topk_overlap_k10": 0.8181818181818182,
  "valid": true,
  "orig_prob": 0.9999969005584717,
  "pert_prob": 0.9999942779541016,
  "recovery_delta": {
    "mean_abs_diff": 0.0012298799847485498,
    "max_abs_diff": 0.005762192420661449,
    "std_diff": 0.0013881362019642393
  }
}