{
  "rank_correlation": 0.9965217391304346,
  "stability_score": 0.998987997496414,
  "topk_overlap_k3": 1.0,
  "topk_overlap_k5": 1.0,
  "topk_overlap_k10": 1.0,
  "valid": true,
  "orig_prob": 0.9999830722808838,
  "pert_prob": 0.9999809265136719,
  "recovery_delta": {
    "mean_abs_diff": 0.0007121864309738157,
    "max_abs_diff": 0.007523003034293652,
    "std_diff": 0.0018530842896408782
  }
}