{
  "rank_correlation": 0.9426086956521739,
  "stability_score": 0.8856491041742549,
  "topk_overlap_k3": 0.5,
  "topk_overlap_k5": 0.6666666666666666,
  "topk_overlap_k10": 0.8181818181818182,
  "valid": true,
  "orig_prob": 0.9995768666267395,
  "pert_prob": 0.9984869956970215,
  "recovery_delta": {
    "mean_abs_diff": 1.534869394248517e-05,
    "max_abs_diff": 0.0002561746441642754,
    "std_diff": 5.177696373401098e-05
  }
}