{
  "rank_correlation": 0.9852173913043477,
  "stability_score": 0.9963039881547997,
  "topk_overlap_k3": 1.0,
  "topk_overlap_k5": 1.0,
  "topk_overlap_k10": 0.8181818181818182,
  "valid": true,
  "orig_prob": 0.9981763362884521,
  "pert_prob": 0.9977338314056396,
  "recovery_delta": {
    "mean_abs_diff": 1.7983564362111792e-06,
    "max_abs_diff": 1.3315308024175465e-05,
    "std_diff": 2.7820330526566685e-06
  }
}