{
  "rank_correlation": 0.9269565217391305,
  "stability_score": 0.8091946956395378,
  "topk_overlap_k3": 1.0,
  "topk_overlap_k5": 0.42857142857142855,
  "topk_overlap_k10": 0.8181818181818182,
  "valid": true,
  "orig_prob": 0.9999755620956421,
  "pert_prob": 0.9994654059410095,
  "recovery_delta": {
    "mean_abs_diff": 0.00557931683336695,
    "max_abs_diff": 0.018922846764326096,
    "std_diff": 0.0038760733433535087
  }
}