src_idx,tgt_idx,true_label,baseline_P,P_after_multi5,delta_multi5
1516,1532,88,0.002364350249990821,0.002364350249990821,0.0
