{
  "rank_correlation": 0.994782608695652,
  "stability_score": 0.9986956509854703,
  "topk_overlap_k3": 1.0,
  "topk_overlap_k5": 1.0,
  "topk_overlap_k10": 1.0,
  "valid": true,
  "orig_prob": 0.9995768666267395,
  "pert_prob": 0.9995900988578796,
  "recovery_delta": {
    "mean_abs_diff": 5.9422135360402235e-09,
    "max_abs_diff": 4.92377694172319e-08,
    "std_diff": 1.0684854408693452e-08
  }
}