src_idx,tgt_idx,true_label,baseline_P,P_after_multi5,delta_multi5
1436,1383,67,3.4987617709703045e-06,3.4987617709703045e-06,0.0
