{
  "rank_correlation": 0.9904347826086956,
  "stability_score": 0.8936833355338245,
  "topk_overlap_k3": 0.5,
  "topk_overlap_k5": 0.6666666666666666,
  "topk_overlap_k10": 0.8181818181818182,
  "valid": true,
  "orig_prob": 0.9999418258666992,
  "pert_prob": 0.9999157190322876,
  "recovery_delta": {
    "mean_abs_diff": 0.019626800591746967,
    "max_abs_diff": 0.09349596500396729,
    "std_diff": 0.019305870657324586
  }
}