src_idx,tgt_idx,true_label,baseline_P,P_after_multi5,delta_multi5
1162,1086,65,3.1663395930081606e-05,3.1663395930081606e-05,0.0
