{
  "rank_correlation": 0.9286956521739129,
  "stability_score": 0.9821703093659985,
  "topk_overlap_k3": 1.0,
  "topk_overlap_k5": 1.0,
  "topk_overlap_k10": 0.8181818181818182,
  "valid": true,
  "orig_prob": 0.9862672090530396,
  "pert_prob": 0.9930509328842163,
  "recovery_delta": {
    "mean_abs_diff": 1.8018387398418174e-05,
    "max_abs_diff": 0.0002128292981069535,
    "std_diff": 4.156557509052116e-05
  }
}