{
  "rank_correlation": 0.9704347826086955,
  "stability_score": 0.9926086438333348,
  "topk_overlap_k3": 1.0,
  "topk_overlap_k5": 1.0,
  "topk_overlap_k10": 0.8181818181818182,
  "valid": true,
  "orig_prob": 0.9997360110282898,
  "pert_prob": 0.9999388456344604,
  "recovery_delta": {
    "mean_abs_diff": 2.5909419557971586e-07,
    "max_abs_diff": 1.5355994946730789e-06,
    "std_diff": 3.7217762999299797e-07
  }
}