{
  "rank_correlation": 0.8834782608695652,
  "stability_score": 0.8708480088419404,
  "topk_overlap_k3": 0.5,
  "topk_overlap_k5": 0.6666666666666666,
  "topk_overlap_k10": 0.8181818181818182,
  "valid": true,
  "orig_prob": 0.9999980926513672,
  "pert_prob": 0.9999839067459106,
  "recovery_delta": {
    "mean_abs_diff": 0.00010778187725435373,
    "max_abs_diff": 0.0008760747459746199,
    "std_diff": 0.00027185971380621363
  }
}