{
  "rank_correlation": 0.9982608695652172,
  "stability_score": 0.9991903498725615,
  "topk_overlap_k3": 1.0,
  "topk_overlap_k5": 1.0,
  "topk_overlap_k10": 1.0,
  "valid": true,
  "orig_prob": 0.9999251365661621,
  "pert_prob": 0.9999293088912964,
  "recovery_delta": {
    "mean_abs_diff": 0.0018743375937143962,
    "max_abs_diff": 0.0052034854888916016,
    "std_diff": 0.001352782589345718
  }
}