{
  "rank_correlation": 0.9399999999999998,
  "stability_score": 0.9849992852815921,
  "topk_overlap_k3": 0.5,
  "topk_overlap_k5": 1.0,
  "topk_overlap_k10": 0.8181818181818182,
  "valid": true,
  "orig_prob": 0.9998812675476074,
  "pert_prob": 0.9998693466186523,
  "recovery_delta": {
    "mean_abs_diff": 3.5735920391744003e-06,
    "max_abs_diff": 1.3753267012361903e-05,
    "std_diff": 4.144596938108511e-06
  }
}