{
  "rank_correlation": 0.994782608695652,
  "stability_score": 0.9986861084611092,
  "topk_overlap_k3": 1.0,
  "topk_overlap_k5": 1.0,
  "topk_overlap_k10": 1.0,
  "valid": true,
  "orig_prob": 0.9998161196708679,
  "pert_prob": 0.9998063445091248,
  "recovery_delta": {
    "mean_abs_diff": 4.771856401930563e-05,
    "max_abs_diff": 0.00028469180688261986,
    "std_diff": 7.55150788695416e-05
  }
}