{
  "rank_correlation": 0.9965217391304346,
  "stability_score": 0.9976190065257792,
  "topk_overlap_k3": 1.0,
  "topk_overlap_k5": 1.0,
  "topk_overlap_k10": 0.8181818181818182,
  "valid": true,
  "orig_prob": 0.9999905824661255,
  "pert_prob": 0.9999901056289673,
  "recovery_delta": {
    "mean_abs_diff": 0.007557141284147899,
    "max_abs_diff": 0.033885978162288666,
    "std_diff": 0.007531637068034483
  }
}