{
  "rank_correlation": 0.9756521739130434,
  "stability_score": 0.9937367235854231,
  "topk_overlap_k3": 1.0,
  "topk_overlap_k5": 1.0,
  "topk_overlap_k10": 1.0,
  "valid": true,
  "orig_prob": 0.999916672706604,
  "pert_prob": 0.9998819828033447,
  "recovery_delta": {
    "mean_abs_diff": 0.0008815994641887906,
    "max_abs_diff": 0.016914261505007744,
    "std_diff": 0.003402317186548596
  }
}