{
  "rank_correlation": 0.9713043478260868,
  "stability_score": 0.8925691664099229,
  "topk_overlap_k3": 0.5,
  "topk_overlap_k5": 0.6666666666666666,
  "topk_overlap_k10": 0.6666666666666666,
  "valid": true,
  "orig_prob": 0.9999661445617676,
  "pert_prob": 0.9998842477798462,
  "recovery_delta": {
    "mean_abs_diff": 0.0012846027329942444,
    "max_abs_diff": 0.023216288536787033,
    "std_diff": 0.00465300210077143
  }
}