{
  "rank_correlation": 0.9530434782608694,
  "stability_score": 0.8147764545896593,
  "topk_overlap_k3": 0.2,
  "topk_overlap_k5": 0.42857142857142855,
  "topk_overlap_k10": 0.8181818181818182,
  "valid": true,
  "orig_prob": 0.9999797344207764,
  "pert_prob": 0.9999767541885376,
  "recovery_delta": {
    "mean_abs_diff": 0.0102792177349329,
    "max_abs_diff": 0.04784713685512543,
    "std_diff": 0.012871396267694922
  }
}