{
  "rank_correlation": 0.8704347826086956,
  "stability_score": 0.7961793179849492,
  "topk_overlap_k3": 0.5,
  "topk_overlap_k5": 0.42857142857142855,
  "topk_overlap_k10": 0.6666666666666666,
  "valid": true,
  "orig_prob": 0.9998161196708679,
  "pert_prob": 0.9996460676193237,
  "recovery_delta": {
    "mean_abs_diff": 4.031193266011239e-06,
    "max_abs_diff": 2.0257568394299597e-05,
    "std_diff": 4.7945875528857715e-06
  }
}