{
  "rank_correlation": 0.9686956521739128,
  "stability_score": 0.8917744542315493,
  "topk_overlap_k3": 1.0,
  "topk_overlap_k5": 0.6666666666666666,
  "topk_overlap_k10": 1.0,
  "valid": true,
  "orig_prob": 0.9999371767044067,
  "pert_prob": 0.9999202489852905,
  "recovery_delta": {
    "mean_abs_diff": 0.0019972940596441426,
    "max_abs_diff": 0.013834767043590546,
    "std_diff": 0.0030244212413669098
  }
}