{
  "rank_correlation": 0.997391304347826,
  "stability_score": 0.999075146385509,
  "topk_overlap_k3": 0.5,
  "topk_overlap_k5": 1.0,
  "topk_overlap_k10": 1.0,
  "valid": true,
  "orig_prob": 0.9999486207962036,
  "pert_prob": 0.9999434947967529,
  "recovery_delta": {
    "mean_abs_diff": 0.0013633985072374344,
    "max_abs_diff": 0.003948315978050232,
    "std_diff": 0.0010818844336385775
  }
}