{
  "rank_correlation": 0.9965217391304346,
  "stability_score": 0.9985284949256026,
  "topk_overlap_k3": 1.0,
  "topk_overlap_k5": 1.0,
  "topk_overlap_k10": 1.0,
  "valid": true,
  "orig_prob": 0.9999251365661621,
  "pert_prob": 0.9999322891235352,
  "recovery_delta": {
    "mean_abs_diff": 0.003009699285030365,
    "max_abs_diff": 0.01155167818069458,
    "std_diff": 0.0029094071796095444
  }
}