{
  "rank_correlation": 0.9278260869565217,
  "stability_score": 0.8816155641275301,
  "topk_overlap_k3": 0.5,
  "topk_overlap_k5": 0.6666666666666666,
  "topk_overlap_k10": 0.6666666666666666,
  "valid": true,
  "orig_prob": 0.9999661445617676,
  "pert_prob": 0.9997320771217346,
  "recovery_delta": {
    "mean_abs_diff": 0.0017047880580018198,
    "max_abs_diff": 0.030062101781368256,
    "std_diff": 0.005995101706238033
  }
}