{
  "rank_correlation": 0.9869565217391304,
  "stability_score": 0.9967376444771155,
  "topk_overlap_k3": 1.0,
  "topk_overlap_k5": 1.0,
  "topk_overlap_k10": 0.8181818181818182,
  "valid": true,
  "orig_prob": 0.9862672090530396,
  "pert_prob": 0.9896519780158997,
  "recovery_delta": {
    "mean_abs_diff": 7.429788335381697e-06,
    "max_abs_diff": 1.8598046153783798e-05,
    "std_diff": 5.807494161385259e-06
  }
}