{
  "rank_correlation": 0.9939130434782607,
  "stability_score": 0.8982553356486385,
  "topk_overlap_k3": 1.0,
  "topk_overlap_k5": 0.6666666666666666,
  "topk_overlap_k10": 1.0,
  "valid": true,
  "orig_prob": 0.9999809265136719,
  "pert_prob": 0.999981164932251,
  "recovery_delta": {
    "mean_abs_diff": 0.0011146261046330135,
    "max_abs_diff": 0.005416411906480789,
    "std_diff": 0.0013629888232923274
  }
}