{
  "rank_correlation": 0.9860869565217389,
  "stability_score": 0.8952037597350452,
  "topk_overlap_k3": 1.0,
  "topk_overlap_k5": 0.6666666666666666,
  "topk_overlap_k10": 0.8181818181818182,
  "valid": true,
  "orig_prob": 0.9999486207962036,
  "pert_prob": 0.9999408721923828,
  "recovery_delta": {
    "mean_abs_diff": 0.006589896976947784,
    "max_abs_diff": 0.021361887454986572,
    "std_diff": 0.0057462867746783984
  }
}