{
  "rank_correlation": 0.9513043478260867,
  "stability_score": 0.8805772862119087,
  "topk_overlap_k3": 0.5,
  "topk_overlap_k5": 0.6666666666666666,
  "topk_overlap_k10": 0.8181818181818182,
  "valid": true,
  "orig_prob": 0.9999418258666992,
  "pert_prob": 0.9999133348464966,
  "recovery_delta": {
    "mean_abs_diff": 0.036244003723065056,
    "max_abs_diff": 0.09220680594444275,
    "std_diff": 0.021703823880444693
  }
}