src_idx,tgt_idx,true_label,baseline_P,P_after_multi5,delta_multi5
509,545,42,1.4198354847394512e-07,1.4198354847394512e-07,0.0
