{
  "rank_correlation": 0.9756521739130434,
  "stability_score": 0.89337270502163,
  "topk_overlap_k3": 0.5,
  "topk_overlap_k5": 0.6666666666666666,
  "topk_overlap_k10": 0.8181818181818182,
  "valid": true,
  "orig_prob": 0.9999809265136719,
  "pert_prob": 0.9999741315841675,
  "recovery_delta": {
    "mean_abs_diff": 0.002701692283153534,
    "max_abs_diff": 0.007654082030057907,
    "std_diff": 0.0019110098385168113
  }
}