src_idx,tgt_idx,true_label,baseline_P,P_after_multi5,delta_multi5
2222,2112,90,7.960238144733012e-05,7.960238144733012e-05,0.0
