{
  "rank_correlation": 0.8217391304347826,
  "stability_score": 0.7839698587565964,
  "topk_overlap_k3": 0.2,
  "topk_overlap_k5": 0.42857142857142855,
  "topk_overlap_k10": 0.5384615384615384,
  "valid": true,
  "orig_prob": 0.9996137022972107,
  "pert_prob": 0.9996752738952637,
  "recovery_delta": {
    "mean_abs_diff": 0.0001817621176390579,
    "max_abs_diff": 0.002471202053129673,
    "std_diff": 0.0004930482567613313
  }
}