{
  "rank_correlation": 0.6443478260869565,
  "stability_score": 0.6859648640211458,
  "topk_overlap_k3": 0.2,
  "topk_overlap_k5": 0.25,
  "topk_overlap_k10": 0.5384615384615384,
  "valid": true,
  "orig_prob": 0.9981763362884521,
  "pert_prob": 0.7662290930747986,
  "recovery_delta": {
    "mean_abs_diff": 0.0006104625029668872,
    "max_abs_diff": 0.0038375522126443684,
    "std_diff": 0.0009732982156769087
  }
}