src_idx,tgt_idx,true_label,baseline_P,P_after_multi5,delta_multi5
2439,2425,95,0.00042478981777094305,0.00042478981777094305,0.0
