{
  "rank_correlation": 0.9965217391304346,
  "stability_score": 0.9988364602042281,
  "topk_overlap_k3": 1.0,
  "topk_overlap_k5": 1.0,
  "topk_overlap_k10": 1.0,
  "valid": true,
  "orig_prob": 0.9999371767044067,
  "pert_prob": 0.9999409914016724,
  "recovery_delta": {
    "mean_abs_diff": 0.0014698728919029236,
    "max_abs_diff": 0.007412068545818329,
    "std_diff": 0.001583728944361133
  }
}