{
  "rank_correlation": 0.9808695652173912,
  "stability_score": 0.9949240513602138,
  "topk_overlap_k3": 1.0,
  "topk_overlap_k5": 1.0,
  "topk_overlap_k10": 0.8181818181818182,
  "valid": true,
  "orig_prob": 0.9999755620956421,
  "pert_prob": 0.9999711513519287,
  "recovery_delta": {
    "mean_abs_diff": 0.0014666997206707795,
    "max_abs_diff": 0.00710764154791832,
    "std_diff": 0.0016603534661170868
  }
}