{
  "rank_correlation": 0.994782608695652,
  "stability_score": 0.9986951081067852,
  "topk_overlap_k3": 0.5,
  "topk_overlap_k5": 1.0,
  "topk_overlap_k10": 1.0,
  "valid": true,
  "orig_prob": 0.9999797344207764,
  "pert_prob": 0.999980092048645,
  "recovery_delta": {
    "mean_abs_diff": 2.7203356391207003e-06,
    "max_abs_diff": 1.2478631106205285e-05,
    "std_diff": 3.042559205270896e-06
  }
}