{
  "rank_correlation": 0.9921739130434782,
  "stability_score": 0.9980129587581932,
  "topk_overlap_k3": 1.0,
  "topk_overlap_k5": 1.0,
  "topk_overlap_k10": 1.0,
  "valid": true,
  "orig_prob": 0.9981763362884521,
  "pert_prob": 0.9977338314056396,
  "recovery_delta": {
    "mean_abs_diff": 0.00015259751338210967,
    "max_abs_diff": 0.0011062626726925373,
    "std_diff": 0.00025840933541730046
  }
}