{
  "rank_correlation": 0.9608695652173912,
  "stability_score": 0.9902171425708054,
  "topk_overlap_k3": 0.5,
  "topk_overlap_k5": 1.0,
  "topk_overlap_k10": 1.0,
  "valid": true,
  "orig_prob": 0.9999980926513672,
  "pert_prob": 0.9999868869781494,
  "recovery_delta": {
    "mean_abs_diff": 1.2436677117773816e-06,
    "max_abs_diff": 1.812867040484889e-05,
    "std_diff": 3.784865357873374e-06
  }
}