{
  "rank_correlation": 0.9721739130434782,
  "stability_score": 0.8922196485652871,
  "topk_overlap_k3": 1.0,
  "topk_overlap_k5": 0.6666666666666666,
  "topk_overlap_k10": 0.8181818181818182,
  "valid": true,
  "orig_prob": 0.9999809265136719,
  "pert_prob": 0.999981164932251,
  "recovery_delta": {
    "mean_abs_diff": 0.004119148477911949,
    "max_abs_diff": 0.016051527112722397,
    "std_diff": 0.004402005336033797
  }
}