{
  "rank_correlation": 0.8591304347826085,
  "stability_score": 0.8647825106706215,
  "topk_overlap_k3": 0.5,
  "topk_overlap_k5": 0.6666666666666666,
  "topk_overlap_k10": 0.6666666666666666,
  "valid": true,
  "orig_prob": 0.9997360110282898,
  "pert_prob": 0.9997434020042419,
  "recovery_delta": {
    "mean_abs_diff": 4.901251529076944e-07,
    "max_abs_diff": 3.2369324571845937e-06,
    "std_diff": 7.603573867896703e-07
  }
}