{
  "rank_correlation": 0.9869565217391304,
  "stability_score": 0.9954620571483088,
  "topk_overlap_k3": 0.5,
  "topk_overlap_k5": 1.0,
  "topk_overlap_k10": 1.0,
  "valid": true,
  "orig_prob": 0.9999797344207764,
  "pert_prob": 0.999980092048645,
  "recovery_delta": {
    "mean_abs_diff": 0.006385366432368755,
    "max_abs_diff": 0.03147605061531067,
    "std_diff": 0.007928285089803911
  }
}