{
  "rank_correlation": 0.9939130434782607,
  "stability_score": 0.9970070817667072,
  "topk_overlap_k3": 1.0,
  "topk_overlap_k5": 1.0,
  "topk_overlap_k10": 1.0,
  "valid": true,
  "orig_prob": 0.9999905824661255,
  "pert_prob": 0.999991774559021,
  "recovery_delta": {
    "mean_abs_diff": 0.007355895514289538,
    "max_abs_diff": 0.031143367290496826,
    "std_diff": 0.006616304937958431
  }
}