{
  "rank_correlation": 0.9495652173913043,
  "stability_score": 0.9873912533705106,
  "topk_overlap_k3": 1.0,
  "topk_overlap_k5": 1.0,
  "topk_overlap_k10": 0.8181818181818182,
  "valid": true,
  "orig_prob": 0.9997360110282898,
  "pert_prob": 0.9996496438980103,
  "recovery_delta": {
    "mean_abs_diff": 2.54886577029841e-07,
    "max_abs_diff": 1.595190042280592e-06,
    "std_diff": 4.1765161262697475e-07
  }
}