{
  "rank_correlation": 0.9956521739130434,
  "stability_score": 0.998897310746901,
  "topk_overlap_k3": 1.0,
  "topk_overlap_k5": 1.0,
  "topk_overlap_k10": 0.8181818181818182,
  "valid": true,
  "orig_prob": 0.9999809265136719,
  "pert_prob": 0.9999804496765137,
  "recovery_delta": {
    "mean_abs_diff": 7.86636567985018e-05,
    "max_abs_diff": 0.00039312662556767464,
    "std_diff": 9.091761288238777e-05
  }
}