{
  "rank_correlation": 0.9773913043478261,
  "stability_score": 0.9912679798339589,
  "topk_overlap_k3": 0.5,
  "topk_overlap_k5": 1.0,
  "topk_overlap_k10": 1.0,
  "valid": true,
  "orig_prob": 0.9999486207962036,
  "pert_prob": 0.9996496438980103,
  "recovery_delta": {
    "mean_abs_diff": 0.01539923126498858,
    "max_abs_diff": 0.05976131558418274,
    "std_diff": 0.015081366758056169
  }
}