{
  "rank_correlation": 0.9695652173913042,
  "stability_score": 0.9890126300840707,
  "topk_overlap_k3": 0.5,
  "topk_overlap_k5": 1.0,
  "topk_overlap_k10": 0.8181818181818182,
  "valid": true,
  "orig_prob": 0.9999486207962036,
  "pert_prob": 0.9996496438980103,
  "recovery_delta": {
    "mean_abs_diff": 0.0168933713187774,
    "max_abs_diff": 0.06391295790672302,
    "std_diff": 0.017011365555860473
  }
}