{
  "rank_correlation": 0.886086956521739,
  "stability_score": 0.8715186830607381,
  "topk_overlap_k3": 0.5,
  "topk_overlap_k5": 0.6666666666666666,
  "topk_overlap_k10": 0.8181818181818182,
  "valid": true,
  "orig_prob": 0.9996137022972107,
  "pert_prob": 0.9991322159767151,
  "recovery_delta": {
    "mean_abs_diff": 1.5280348482823076e-05,
    "max_abs_diff": 0.0001105722039937973,
    "std_diff": 2.4008084735108664e-05
  }
}