{
  "rank_correlation": 0.8330434782608694,
  "stability_score": 0.851948106277842,
  "topk_overlap_k3": 1.0,
  "topk_overlap_k5": 0.6666666666666666,
  "topk_overlap_k10": 0.5384615384615384,
  "valid": true,
  "orig_prob": 0.9999768733978271,
  "pert_prob": 0.9999040365219116,
  "recovery_delta": {
    "mean_abs_diff": 0.031563816436876856,
    "max_abs_diff": 0.15038731694221497,
    "std_diff": 0.0363052487835412
  }
}