{
  "rank_correlation": 0.9339130434782608,
  "stability_score": 0.8834782143366744,
  "topk_overlap_k3": 1.0,
  "topk_overlap_k5": 0.6666666666666666,
  "topk_overlap_k10": 1.0,
  "valid": true,
  "orig_prob": 0.9995768666267395,
  "pert_prob": 0.9984869956970215,
  "recovery_delta": {
    "mean_abs_diff": 2.3266445392522428e-07,
    "max_abs_diff": 1.8362610489930375e-06,
    "std_diff": 4.414508124370961e-07
  }
}