{
  "rank_correlation": 0.9739130434782608,
  "stability_score": 0.8918327715841756,
  "topk_overlap_k3": 0.2,
  "topk_overlap_k5": 0.6666666666666666,
  "topk_overlap_k10": 1.0,
  "valid": true,
  "orig_prob": 0.9999797344207764,
  "pert_prob": 0.9999433755874634,
  "recovery_delta": {
    "mean_abs_diff": 0.008227446426947912,
    "max_abs_diff": 0.017654404044151306,
    "std_diff": 0.005171670273741213
  }
}