{
  "rank_correlation": 0.8582608695652173,
  "stability_score": 0.7857306432100948,
  "topk_overlap_k3": 0.5,
  "topk_overlap_k5": 0.42857142857142855,
  "topk_overlap_k10": 1.0,
  "valid": true,
  "orig_prob": 0.9985607266426086,
  "pert_prob": 0.9190645217895508,
  "recovery_delta": {
    "mean_abs_diff": 0.03703001376319056,
    "max_abs_diff": 0.30928488075733185,
    "std_diff": 0.07004076972475011
  }
}