{
  "rank_correlation": 0.8156521739130433,
  "stability_score": 0.7824796057558596,
  "topk_overlap_k3": 0.2,
  "topk_overlap_k5": 0.42857142857142855,
  "topk_overlap_k10": 0.8181818181818182,
  "valid": true,
  "orig_prob": 0.9998161196708679,
  "pert_prob": 0.9964792132377625,
  "recovery_delta": {
    "mean_abs_diff": 2.433146914881945e-05,
    "max_abs_diff": 0.00012957974831806496,
    "std_diff": 3.452762165106042e-05
  }
}