{
  "rank_correlation": 0.9469565217391304,
  "stability_score": 0.8867387440615273,
  "topk_overlap_k3": 0.5,
  "topk_overlap_k5": 0.6666666666666666,
  "topk_overlap_k10": 1.0,
  "valid": true,
  "orig_prob": 0.9999980926513672,
  "pert_prob": 0.9999839067459106,
  "recovery_delta": {
    "mean_abs_diff": 1.9318662761447225e-06,
    "max_abs_diff": 1.4848501365349875e-05,
    "std_diff": 3.999752283592879e-06
  }
}