{
  "rank_correlation": 0.9486956521739129,
  "stability_score": 0.8871720096279552,
  "topk_overlap_k3": 1.0,
  "topk_overlap_k5": 0.6666666666666666,
  "topk_overlap_k10": 0.6666666666666666,
  "valid": true,
  "orig_prob": 0.9998812675476074,
  "pert_prob": 0.9997989535331726,
  "recovery_delta": {
    "mean_abs_diff": 9.517077614873415e-06,
    "max_abs_diff": 7.049677424220135e-05,
    "std_diff": 1.6862730824798142e-05
  }
}