{
  "rank_correlation": 0.983478260869565,
  "stability_score": 0.9956180463754675,
  "topk_overlap_k3": 1.0,
  "topk_overlap_k5": 1.0,
  "topk_overlap_k10": 0.8181818181818182,
  "valid": true,
  "orig_prob": 0.9999661445617676,
  "pert_prob": 0.9998980760574341,
  "recovery_delta": {
    "mean_abs_diff": 0.0012575942096191284,
    "max_abs_diff": 0.024331864900887012,
    "std_diff": 0.004851238019108203
  }
}