{
  "rank_correlation": 0.9382608695652173,
  "stability_score": 0.8106398126084982,
  "topk_overlap_k3": 0.5,
  "topk_overlap_k5": 0.42857142857142855,
  "topk_overlap_k10": 0.8181818181818182,
  "valid": true,
  "orig_prob": 0.9999797344207764,
  "pert_prob": 0.9999369382858276,
  "recovery_delta": {
    "mean_abs_diff": 0.012484166771173477,
    "max_abs_diff": 0.0448981374502182,
    "std_diff": 0.01273187830318777
  }
}