{
  "rank_correlation": 0.7295652173913043,
  "stability_score": 0.741317339776157,
  "topk_overlap_k3": 0.2,
  "topk_overlap_k5": 0.42857142857142855,
  "topk_overlap_k10": 0.6666666666666666,
  "valid": true,
  "orig_prob": 0.9999251365661621,
  "pert_prob": 0.9964775443077087,
  "recovery_delta": {
    "mean_abs_diff": 0.0982269657154878,
    "max_abs_diff": 0.28202879428863525,
    "std_diff": 0.08820866032154649
  }
}