{
  "rank_correlation": 0.994782608695652,
  "stability_score": 0.896684878927426,
  "topk_overlap_k3": 1.0,
  "topk_overlap_k5": 0.6666666666666666,
  "topk_overlap_k10": 1.0,
  "valid": true,
  "orig_prob": 0.9999905824661255,
  "pert_prob": 0.9999914169311523,
  "recovery_delta": {
    "mean_abs_diff": 0.010053866232434908,
    "max_abs_diff": 0.07751071453094482,
    "std_diff": 0.016122138058351505
  }
}