{
  "rank_correlation": 0.9869565217391304,
  "stability_score": 0.8953363937312278,
  "topk_overlap_k3": 0.5,
  "topk_overlap_k5": 0.6666666666666666,
  "topk_overlap_k10": 1.0,
  "valid": true,
  "orig_prob": 0.9999797344207764,
  "pert_prob": 0.9999433755874634,
  "recovery_delta": {
    "mean_abs_diff": 0.007013683517773946,
    "max_abs_diff": 0.022565603256225586,
    "std_diff": 0.006489708303965014
  }
}