{
  "rank_correlation": 0.9582608695652173,
  "stability_score": 0.9895499434057374,
  "topk_overlap_k3": 1.0,
  "topk_overlap_k5": 1.0,
  "topk_overlap_k10": 1.0,
  "valid": true,
  "orig_prob": 0.999916672706604,
  "pert_prob": 0.9990980625152588,
  "recovery_delta": {
    "mean_abs_diff": 7.636992783470002e-05,
    "max_abs_diff": 0.0006558215245604515,
    "std_diff": 0.00014867488050768977
  }
}