{
  "rank_correlation": 0.9269565217391305,
  "stability_score": 0.8060406434353958,
  "topk_overlap_k3": 0.5,
  "topk_overlap_k5": 0.42857142857142855,
  "topk_overlap_k10": 0.8181818181818182,
  "valid": true,
  "orig_prob": 0.9999486207962036,
  "pert_prob": 0.9996228218078613,
  "recovery_delta": {
    "mean_abs_diff": 0.021349577854077022,
    "max_abs_diff": 0.11030690371990204,
    "std_diff": 0.02654686230687135
  }
}