{
  "rank_correlation": 0.988695652173913,
  "stability_score": 0.9953913526949676,
  "topk_overlap_k3": 1.0,
  "topk_overlap_k5": 1.0,
  "topk_overlap_k10": 0.8181818181818182,
  "valid": true,
  "orig_prob": 0.9999371767044067,
  "pert_prob": 0.9999325275421143,
  "recovery_delta": {
    "mean_abs_diff": 0.008912801742553711,
    "max_abs_diff": 0.07152260094881058,
    "std_diff": 0.014665674981749734
  }
}