{
  "rank_correlation": 0.5113043478260869,
  "stability_score": 0.6528256592409352,
  "topk_overlap_k3": 0.2,
  "topk_overlap_k5": 0.25,
  "topk_overlap_k10": 0.6666666666666666,
  "valid": true,
  "orig_prob": 0.9985235333442688,
  "pert_prob": 0.6335897445678711,
  "recovery_delta": {
    "mean_abs_diff": 2.1385779334082144e-06,
    "max_abs_diff": 1.168377639260143e-05,
    "std_diff": 2.8471601162964295e-06
  }
}