{
  "rank_correlation": 0.9791304347826085,
  "stability_score": 0.8947231009551119,
  "topk_overlap_k3": 0.5,
  "topk_overlap_k5": 0.6666666666666666,
  "topk_overlap_k10": 0.8181818181818182,
  "valid": true,
  "orig_prob": 0.9981763362884521,
  "pert_prob": 0.9977338314056396,
  "recovery_delta": {
    "mean_abs_diff": 0.0002975387027011796,
    "max_abs_diff": 0.0012756362557411194,
    "std_diff": 0.00031285859412627336
  }
}