{
  "rank_correlation": 0.9130434782608695,
  "stability_score": 0.8037494369877166,
  "topk_overlap_k3": 0.5,
  "topk_overlap_k5": 0.42857142857142855,
  "topk_overlap_k10": 1.0,
  "valid": true,
  "orig_prob": 0.9997360110282898,
  "pert_prob": 0.9987106323242188,
  "recovery_delta": {
    "mean_abs_diff": 0.015414305744646603,
    "max_abs_diff": 0.17084958404302597,
    "std_diff": 0.042677192435090945
  }
}