{
  "rank_correlation": 0.9504347826086955,
  "stability_score": 0.9871185794473791,
  "topk_overlap_k3": 1.0,
  "topk_overlap_k5": 1.0,
  "topk_overlap_k10": 1.0,
  "valid": true,
  "orig_prob": 0.9999661445617676,
  "pert_prob": 0.9998980760574341,
  "recovery_delta": {
    "mean_abs_diff": 0.0024505810239740335,
    "max_abs_diff": 0.044739142060279846,
    "std_diff": 0.008901563541043017
  }
}