{
  "rank_correlation": 0.76,
  "stability_score": 0.8399996949440425,
  "topk_overlap_k3": 1.0,
  "topk_overlap_k5": 0.6666666666666666,
  "topk_overlap_k10": 0.8181818181818182,
  "valid": true,
  "orig_prob": 0.9985235333442688,
  "pert_prob": 0.8425158262252808,
  "recovery_delta": {
    "mean_abs_diff": 1.5252797875101958e-06,
    "max_abs_diff": 3.850949724437669e-06,
    "std_diff": 1.0502406800471502e-06
  }
}