{
  "rank_correlation": 0.9930434782608695,
  "stability_score": 0.9982608671462538,
  "topk_overlap_k3": 1.0,
  "topk_overlap_k5": 1.0,
  "topk_overlap_k10": 1.0,
  "valid": true,
  "orig_prob": 0.9995768666267395,
  "pert_prob": 0.9996020197868347,
  "recovery_delta": {
    "mean_abs_diff": 1.2094817443871383e-08,
    "max_abs_diff": 1.0276789907948114e-07,
    "std_diff": 2.2063076118095214e-08
  }
}