{
  "rank_correlation": 0.8695652173913043,
  "stability_score": 0.960880903824084,
  "topk_overlap_k3": 1.0,
  "topk_overlap_k5": 1.0,
  "topk_overlap_k10": 0.8181818181818182,
  "valid": true,
  "orig_prob": 0.9999486207962036,
  "pert_prob": 0.9998664855957031,
  "recovery_delta": {
    "mean_abs_diff": 0.0325520026187102,
    "max_abs_diff": 0.1095898449420929,
    "std_diff": 0.02484699958622468
  }
}