{
  "rank_correlation": 0.9956521739130434,
  "stability_score": 0.8969787468404873,
  "topk_overlap_k3": 1.0,
  "topk_overlap_k5": 0.6666666666666666,
  "topk_overlap_k10": 1.0,
  "valid": true,
  "orig_prob": 0.9999533891677856,
  "pert_prob": 0.9999524354934692,
  "recovery_delta": {
    "mean_abs_diff": 0.009671483188867569,
    "max_abs_diff": 0.035218894481658936,
    "std_diff": 0.00979190100900171
  }
}