{
  "rank_correlation": 0.5982608695652173,
  "stability_score": 0.7995621309365191,
  "topk_overlap_k3": 0.5,
  "topk_overlap_k5": 0.6666666666666666,
  "topk_overlap_k10": 0.5384615384615384,
  "valid": true,
  "orig_prob": 0.9996137022972107,
  "pert_prob": 0.9793902635574341,
  "recovery_delta": {
    "mean_abs_diff": 1.543227392630797e-05,
    "max_abs_diff": 0.00013939504424342886,
    "std_diff": 2.7264777372054567e-05
  }
}