src_idx,tgt_idx,true_label,baseline_P,P_after_multi5,delta_multi5
2439,2435,95,6.645015673711896e-06,6.645015673711896e-06,0.0
