{
  "rank_correlation": 0.9104347826086956,
  "stability_score": 0.8025963416884688,
  "topk_overlap_k3": 0.2,
  "topk_overlap_k5": 0.42857142857142855,
  "topk_overlap_k10": 0.8181818181818182,
  "valid": true,
  "orig_prob": 0.9997360110282898,
  "pert_prob": 0.999823272228241,
  "recovery_delta": {
    "mean_abs_diff": 0.017918912675668253,
    "max_abs_diff": 0.24574009655043483,
    "std_diff": 0.054938891131116906
  }
}