{
  "rank_correlation": 0.9773913043478261,
  "stability_score": 0.9942260298471682,
  "topk_overlap_k3": 0.5,
  "topk_overlap_k5": 1.0,
  "topk_overlap_k10": 1.0,
  "valid": true,
  "orig_prob": 0.9999809265136719,
  "pert_prob": 0.9999741315841675,
  "recovery_delta": {
    "mean_abs_diff": 0.0006089811989416679,
    "max_abs_diff": 0.0019170078448951244,
    "std_diff": 0.0004969788841496752
  }
}