{
  "rank_correlation": 0.9756521739130434,
  "stability_score": 0.9939108918894037,
  "topk_overlap_k3": 0.5,
  "topk_overlap_k5": 1.0,
  "topk_overlap_k10": 0.8181818181818182,
  "valid": true,
  "orig_prob": 0.9998812675476074,
  "pert_prob": 0.9998693466186523,
  "recovery_delta": {
    "mean_abs_diff": 1.0757944285918105e-05,
    "max_abs_diff": 4.543303293758072e-05,
    "std_diff": 1.3168563903822376e-05
  }
}