{
  "rank_correlation": 0.9869565217391304,
  "stability_score": 0.9949145130178743,
  "topk_overlap_k3": 1.0,
  "topk_overlap_k5": 1.0,
  "topk_overlap_k10": 1.0,
  "valid": true,
  "orig_prob": 0.9999768733978271,
  "pert_prob": 0.9999642372131348,
  "recovery_delta": {
    "mean_abs_diff": 0.009123087084541718,
    "max_abs_diff": 0.0654570460319519,
    "std_diff": 0.013511486474324012
  }
}