src_idx,tgt_idx,true_label,baseline_P,P_after_multi5,delta_multi5
2438,2439,95,0.9981763362884521,0.9981763362884521,0.0
