{
  "rank_correlation": 0.7591304347826088,
  "stability_score": 0.7147596920125265,
  "topk_overlap_k3": 0.5,
  "topk_overlap_k5": 0.25,
  "topk_overlap_k10": 0.42857142857142855,
  "valid": true,
  "orig_prob": 0.9996137022972107,
  "pert_prob": 0.9793902635574341,
  "recovery_delta": {
    "mean_abs_diff": 0.00011458341562805192,
    "max_abs_diff": 0.000534440710907802,
    "std_diff": 0.00012638313467350345
  }
}