{
  "rank_correlation": 0.8521739130434782,
  "stability_score": 0.7906033977196725,
  "topk_overlap_k3": 0.5,
  "topk_overlap_k5": 0.42857142857142855,
  "topk_overlap_k10": 0.6666666666666666,
  "valid": true,
  "orig_prob": 0.9999969005584717,
  "pert_prob": 0.999987006187439,
  "recovery_delta": {
    "mean_abs_diff": 0.005057545563128467,
    "max_abs_diff": 0.0735609158873558,
    "std_diff": 0.014956421932596083
  }
}