{
  "rank_correlation": 0.997391304347826,
  "stability_score": 0.9992299697374708,
  "topk_overlap_k3": 1.0,
  "topk_overlap_k5": 1.0,
  "topk_overlap_k10": 1.0,
  "valid": true,
  "orig_prob": 0.9999969005584717,
  "pert_prob": 0.9999966621398926,
  "recovery_delta": {
    "mean_abs_diff": 0.0005892817474280795,
    "max_abs_diff": 0.005200697109103203,
    "std_diff": 0.001086175762579436
  }
}