{
  "rank_correlation": 0.9773913043478261,
  "stability_score": 0.8228295533874677,
  "topk_overlap_k3": 1.0,
  "topk_overlap_k5": 0.42857142857142855,
  "topk_overlap_k10": 0.8181818181818182,
  "valid": true,
  "orig_prob": 0.9999805688858032,
  "pert_prob": 0.9999758005142212,
  "recovery_delta": {
    "mean_abs_diff": 0.0004485063545871526,
    "max_abs_diff": 0.002234595362097025,
    "std_diff": 0.0004855053447244023
  }
}