{
  "rank_correlation": 0.9956521739130434,
  "stability_score": 0.9988944447355553,
  "topk_overlap_k3": 1.0,
  "topk_overlap_k5": 1.0,
  "topk_overlap_k10": 1.0,
  "valid": true,
  "orig_prob": 0.9999809265136719,
  "pert_prob": 0.999981164932251,
  "recovery_delta": {
    "mean_abs_diff": 9.299371352729698e-05,
    "max_abs_diff": 0.0003608390688896179,
    "std_diff": 8.376581017770212e-05
  }
}