{
  "rank_correlation": 0.9330434782608694,
  "stability_score": 0.8832580432212519,
  "topk_overlap_k3": 0.5,
  "topk_overlap_k5": 0.6666666666666666,
  "topk_overlap_k10": 1.0,
  "valid": true,
  "orig_prob": 0.9999980926513672,
  "pert_prob": 0.9999963045120239,
  "recovery_delta": {
    "mean_abs_diff": 1.4131719827522224e-05,
    "max_abs_diff": 9.024632163345814e-05,
    "std_diff": 2.422318311152176e-05
  }
}