{
  "rank_correlation": 0.9782608695652173,
  "stability_score": 0.892016762774775,
  "topk_overlap_k3": 1.0,
  "topk_overlap_k5": 0.6666666666666666,
  "topk_overlap_k10": 0.8181818181818182,
  "valid": true,
  "orig_prob": 0.9985607266426086,
  "pert_prob": 0.9984796643257141,
  "recovery_delta": {
    "mean_abs_diff": 0.01274227308264623,
    "max_abs_diff": 0.07441157102584839,
    "std_diff": 0.020149530122580604
  }
}