{
  "rank_correlation": 0.9791304347826085,
  "stability_score": 0.9946118243839728,
  "topk_overlap_k3": 1.0,
  "topk_overlap_k5": 1.0,
  "topk_overlap_k10": 0.8181818181818182,
  "valid": true,
  "orig_prob": 0.9998812675476074,
  "pert_prob": 0.9998878240585327,
  "recovery_delta": {
    "mean_abs_diff": 0.0008539215583975116,
    "max_abs_diff": 0.0045649204403162,
    "std_diff": 0.0011811689400454835
  }
}