{
  "rank_correlation": 0.9939130434782607,
  "stability_score": 0.9984175558982119,
  "topk_overlap_k3": 1.0,
  "topk_overlap_k5": 1.0,
  "topk_overlap_k10": 1.0,
  "valid": true,
  "orig_prob": 0.9999805688858032,
  "pert_prob": 0.9999804496765137,
  "recovery_delta": {
    "mean_abs_diff": 0.00030352485676606494,
    "max_abs_diff": 0.0013318248093128204,
    "std_diff": 0.00034077425448797015
  }
}