{
  "rank_correlation": 0.9556521739130434,
  "stability_score": 0.8877896011947397,
  "topk_overlap_k3": 0.5,
  "topk_overlap_k5": 0.6666666666666666,
  "topk_overlap_k10": 1.0,
  "valid": true,
  "orig_prob": 0.9999371767044067,
  "pert_prob": 0.9998799562454224,
  "recovery_delta": {
    "mean_abs_diff": 0.005617211417605479,
    "max_abs_diff": 0.028867729008197784,
    "std_diff": 0.00591378421151232
  }
}