{
  "rank_correlation": 0.9634782608695651,
  "stability_score": 0.8908651579361773,
  "topk_overlap_k3": 1.0,
  "topk_overlap_k5": 0.6666666666666666,
  "topk_overlap_k10": 0.8181818181818182,
  "valid": true,
  "orig_prob": 0.9999980926513672,
  "pert_prob": 0.9999839067459106,
  "recovery_delta": {
    "mean_abs_diff": 2.2036406069976994e-05,
    "max_abs_diff": 0.0002435262649669312,
    "std_diff": 5.370668051209788e-05
  }
}