{
  "rank_correlation": 0.9878260869565217,
  "stability_score": 0.9956892390433104,
  "topk_overlap_k3": 1.0,
  "topk_overlap_k5": 1.0,
  "topk_overlap_k10": 1.0,
  "valid": true,
  "orig_prob": 0.9999768733978271,
  "pert_prob": 0.9999715089797974,
  "recovery_delta": {
    "mean_abs_diff": 0.006336413479099671,
    "max_abs_diff": 0.026713639497756958,
    "std_diff": 0.006089011033129978
  }
}