{
  "rank_correlation": 0.9869565217391304,
  "stability_score": 0.9939468332552823,
  "topk_overlap_k3": 1.0,
  "topk_overlap_k5": 1.0,
  "topk_overlap_k10": 0.8181818181818182,
  "valid": true,
  "orig_prob": 0.9999905824661255,
  "pert_prob": 0.9999910593032837,
  "recovery_delta": {
    "mean_abs_diff": 0.01396148589750131,
    "max_abs_diff": 0.055631570518016815,
    "std_diff": 0.015693644215284498
  }
}