{
  "rank_correlation": 0.9486956521739129,
  "stability_score": 0.9863081262242349,
  "topk_overlap_k3": 0.5,
  "topk_overlap_k5": 1.0,
  "topk_overlap_k10": 0.8181818181818182,
  "valid": true,
  "orig_prob": 0.9999830722808838,
  "pert_prob": 0.9999790191650391,
  "recovery_delta": {
    "mean_abs_diff": 0.004328934096217078,
    "max_abs_diff": 0.07241523265838623,
    "std_diff": 0.014511025368625682
  }
}