{
  "rank_correlation": 0.8469565217391304,
  "stability_score": 0.7730843976330529,
  "topk_overlap_k3": 1.0,
  "topk_overlap_k5": 0.42857142857142855,
  "topk_overlap_k10": 0.8181818181818182,
  "valid": true,
  "orig_prob": 0.9999905824661255,
  "pert_prob": 0.9993071556091309,
  "recovery_delta": {
    "mean_abs_diff": 0.08613080686579148,
    "max_abs_diff": 0.2390875145792961,
    "std_diff": 0.06782958071962579
  }
}