{
  "rank_correlation": 0.8104347826086956,
  "stability_score": 0.7810400197043701,
  "topk_overlap_k3": 1.0,
  "topk_overlap_k5": 0.42857142857142855,
  "topk_overlap_k10": 0.6666666666666666,
  "valid": true,
  "orig_prob": 0.9981763362884521,
  "pert_prob": 0.9942432045936584,
  "recovery_delta": {
    "mean_abs_diff": 0.0007005225961620454,
    "max_abs_diff": 0.002937979530543089,
    "std_diff": 0.0007448686415404492
  }
}