{
  "rank_correlation": 0.9686956521739128,
  "stability_score": 0.8919909371990054,
  "topk_overlap_k3": 1.0,
  "topk_overlap_k5": 0.6666666666666666,
  "topk_overlap_k10": 0.8181818181818182,
  "valid": true,
  "orig_prob": 0.9999661445617676,
  "pert_prob": 0.9998815059661865,
  "recovery_delta": {
    "mean_abs_diff": 0.0009148792223641067,
    "max_abs_diff": 0.015503458678722382,
    "std_diff": 0.0031252597521103467
  }
}