{
  "rank_correlation": 0.9930434782608695,
  "stability_score": 0.89753578092417,
  "topk_overlap_k3": 0.5,
  "topk_overlap_k5": 0.6666666666666666,
  "topk_overlap_k10": 1.0,
  "valid": true,
  "orig_prob": 0.9999797344207764,
  "pert_prob": 0.999970555305481,
  "recovery_delta": {
    "mean_abs_diff": 0.0036254432052373886,
    "max_abs_diff": 0.011092215776443481,
    "std_diff": 0.0030464107805020704
  }
}