{
  "rank_correlation": 0.7678260869565217,
  "stability_score": 0.8419222164085965,
  "topk_overlap_k3": 0.5,
  "topk_overlap_k5": 0.6666666666666666,
  "topk_overlap_k10": 0.5384615384615384,
  "valid": true,
  "orig_prob": 0.999916672706604,
  "pert_prob": 0.9998546838760376,
  "recovery_delta": {
    "mean_abs_diff": 0.0001715266526692479,
    "max_abs_diff": 0.0018956843996420503,
    "std_diff": 0.0003894404199837134
  }
}