{
  "rank_correlation": 0.9765217391304346,
  "stability_score": 0.9937600543294641,
  "topk_overlap_k3": 1.0,
  "topk_overlap_k5": 1.0,
  "topk_overlap_k10": 0.8181818181818182,
  "valid": true,
  "orig_prob": 0.9999805688858032,
  "pert_prob": 0.999945878982544,
  "recovery_delta": {
    "mean_abs_diff": 0.001851902265722553,
    "max_abs_diff": 0.010255333036184311,
    "std_diff": 0.002900598162930245
  }
}