{
  "rank_correlation": 0.8191304347826085,
  "stability_score": 0.7832691533504621,
  "topk_overlap_k3": 0.5,
  "topk_overlap_k5": 0.42857142857142855,
  "topk_overlap_k10": 0.5384615384615384,
  "valid": true,
  "orig_prob": 0.9998812675476074,
  "pert_prob": 0.941905677318573,
  "recovery_delta": {
    "mean_abs_diff": 0.00042441958309306454,
    "max_abs_diff": 0.0019053741125389934,
    "std_diff": 0.0004369888635510749
  }
}