{
  "rank_correlation": 0.9756521739130434,
  "stability_score": 0.8935775938939037,
  "topk_overlap_k3": 1.0,
  "topk_overlap_k5": 0.6666666666666666,
  "topk_overlap_k10": 0.8181818181818182,
  "valid": true,
  "orig_prob": 0.9999661445617676,
  "pert_prob": 0.9998842477798462,
  "recovery_delta": {
    "mean_abs_diff": 0.0016772479217858443,
    "max_abs_diff": 0.029495013877749443,
    "std_diff": 0.005892386672987316
  }
}