{
  "rank_correlation": 0.8973913043478261,
  "stability_score": 0.8026756696691641,
  "topk_overlap_k3": 1.0,
  "topk_overlap_k5": 0.42857142857142855,
  "topk_overlap_k10": 0.6666666666666666,
  "valid": true,
  "orig_prob": 0.9999969005584717,
  "pert_prob": 0.9999945163726807,
  "recovery_delta": {
    "mean_abs_diff": 0.0012179249461041763,
    "max_abs_diff": 0.0045470427721738815,
    "std_diff": 0.0012450476519380645
  }
}