{
  "rank_correlation": 0.8469565217391304,
  "stability_score": 0.8610677503497657,
  "topk_overlap_k3": 0.5,
  "topk_overlap_k5": 0.6666666666666666,
  "topk_overlap_k10": 0.6666666666666666,
  "valid": true,
  "orig_prob": 0.9999661445617676,
  "pert_prob": 0.9998815059661865,
  "recovery_delta": {
    "mean_abs_diff": 0.003356900425084556,
    "max_abs_diff": 0.05322811007499695,
    "std_diff": 0.010541042888147762
  }
}