src_idx,tgt_idx,true_label,baseline_P,P_after_multi5,delta_multi5
197,198,16,1.1579879355849698e-05,1.1579879355849698e-05,0.0
