{
  "rank_correlation": 0.9113043478260868,
  "stability_score": 0.8778074783510986,
  "topk_overlap_k3": 0.5,
  "topk_overlap_k5": 0.6666666666666666,
  "topk_overlap_k10": 0.8181818181818182,
  "valid": true,
  "orig_prob": 0.9999980926513672,
  "pert_prob": 0.999803364276886,
  "recovery_delta": {
    "mean_abs_diff": 9.304302711517683e-05,
    "max_abs_diff": 0.000892902935447637,
    "std_diff": 0.00023371766377327792
  }
}