src_idx,tgt_idx,true_label,baseline_P,P_after_multi5,delta_multi5
2407,2390,92,0.0013875060249119997,0.0013875060249119997,0.0
