{
  "rank_correlation": 0.9895652173913043,
  "stability_score": 0.8969310438932607,
  "topk_overlap_k3": 1.0,
  "topk_overlap_k5": 0.6666666666666666,
  "topk_overlap_k10": 1.0,
  "valid": true,
  "orig_prob": 0.9999809265136719,
  "pert_prob": 0.9999808073043823,
  "recovery_delta": {
    "mean_abs_diff": 0.002301302272826433,
    "max_abs_diff": 0.01036752387881279,
    "std_diff": 0.0025923706579460476
  }
}