{
  "rank_correlation": 0.9982608695652172,
  "stability_score": 0.9979347181773705,
  "topk_overlap_k3": 1.0,
  "topk_overlap_k5": 1.0,
  "topk_overlap_k10": 1.0,
  "valid": true,
  "orig_prob": 0.9999418258666992,
  "pert_prob": 0.9999426603317261,
  "recovery_delta": {
    "mean_abs_diff": 0.008152496069669724,
    "max_abs_diff": 0.01900675892829895,
    "std_diff": 0.004632726250915443
  }
}