{
  "rank_correlation": 0.9869565217391304,
  "stability_score": 0.9952713706827574,
  "topk_overlap_k3": 1.0,
  "topk_overlap_k5": 1.0,
  "topk_overlap_k10": 1.0,
  "valid": true,
  "orig_prob": 0.9999768733978271,
  "pert_prob": 0.9999709129333496,
  "recovery_delta": {
    "mean_abs_diff": 0.007338798760126035,
    "max_abs_diff": 0.04063418507575989,
    "std_diff": 0.008416252678908968
  }
}