{
  "rank_correlation": 0.9313043478260868,
  "stability_score": 0.8828260735503186,
  "topk_overlap_k3": 1.0,
  "topk_overlap_k5": 0.6666666666666666,
  "topk_overlap_k10": 0.6666666666666666,
  "valid": true,
  "orig_prob": 0.9995768666267395,
  "pert_prob": 0.9988861680030823,
  "recovery_delta": {
    "mean_abs_diff": 6.703101525692053e-08,
    "max_abs_diff": 3.1453419069293886e-07,
    "std_diff": 9.041590632132348e-08
  }
}