{
  "rank_correlation": 0.8982608695652173,
  "stability_score": 0.874482378827983,
  "topk_overlap_k3": 0.2,
  "topk_overlap_k5": 0.6666666666666666,
  "topk_overlap_k10": 0.8181818181818182,
  "valid": true,
  "orig_prob": 0.9998161196708679,
  "pert_prob": 0.9960922598838806,
  "recovery_delta": {
    "mean_abs_diff": 0.0004141928166063735,
    "max_abs_diff": 0.0022723088040947914,
    "std_diff": 0.0006544043732164608
  }
}