{
  "rank_correlation": 0.9808695652173912,
  "stability_score": 0.8944763759296873,
  "topk_overlap_k3": 0.5,
  "topk_overlap_k5": 0.6666666666666666,
  "topk_overlap_k10": 0.8181818181818182,
  "valid": true,
  "orig_prob": 0.9999797344207764,
  "pert_prob": 0.999980092048645,
  "recovery_delta": {
    "mean_abs_diff": 0.0037050768733024597,
    "max_abs_diff": 0.013789534568786621,
    "std_diff": 0.0041089830964910565
  }
}