{
  "rank_correlation": 0.9869565217391304,
  "stability_score": 0.8965953597940666,
  "topk_overlap_k3": 1.0,
  "topk_overlap_k5": 0.6666666666666666,
  "topk_overlap_k10": 1.0,
  "valid": true,
  "orig_prob": 0.9999809265136719,
  "pert_prob": 0.9999741315841675,
  "recovery_delta": {
    "mean_abs_diff": 0.0007188532035797834,
    "max_abs_diff": 0.0017831018194556236,
    "std_diff": 0.0005055288842187041
  }
}