{
  "rank_correlation": 0.9956521739130434,
  "stability_score": 0.997986992313594,
  "topk_overlap_k3": 0.5,
  "topk_overlap_k5": 1.0,
  "topk_overlap_k10": 1.0,
  "valid": true,
  "orig_prob": 0.9999533891677856,
  "pert_prob": 0.9999574422836304,
  "recovery_delta": {
    "mean_abs_diff": 0.004630255823334058,
    "max_abs_diff": 0.012808084487915039,
    "std_diff": 0.0036576083481697982
  }
}