{
  "rank_correlation": 0.9965217391304346,
  "stability_score": 0.99912499297713,
  "topk_overlap_k3": 1.0,
  "topk_overlap_k5": 1.0,
  "topk_overlap_k10": 1.0,
  "valid": true,
  "orig_prob": 0.9998161196708679,
  "pert_prob": 0.9998152852058411,
  "recovery_delta": {
    "mean_abs_diff": 2.720902739383746e-05,
    "max_abs_diff": 0.00016243546269834042,
    "std_diff": 3.939226417485848e-05
  }
}