{
  "rank_correlation": 0.9982608695652172,
  "stability_score": 0.999565212171207,
  "topk_overlap_k3": 1.0,
  "topk_overlap_k5": 1.0,
  "topk_overlap_k10": 1.0,
  "valid": true,
  "orig_prob": 0.9995768666267395,
  "pert_prob": 0.9996020197868347,
  "recovery_delta": {
    "mean_abs_diff": 2.610048710494084e-08,
    "max_abs_diff": 1.214380063174758e-07,
    "std_diff": 3.9535731446470876e-08
  }
}