{
  "rank_correlation": 0.8130434782608694,
  "stability_score": 0.8532588734429251,
  "topk_overlap_k3": 1.0,
  "topk_overlap_k5": 0.6666666666666666,
  "topk_overlap_k10": 0.6666666666666666,
  "valid": true,
  "orig_prob": 0.9996137022972107,
  "pert_prob": 0.978490948677063,
  "recovery_delta": {
    "mean_abs_diff": 9.980611461439063e-06,
    "max_abs_diff": 6.163922080304474e-05,
    "std_diff": 1.2539201349647679e-05
  }
}