{
  "rank_correlation": 0.997391304347826,
  "stability_score": 0.998620416217524,
  "topk_overlap_k3": 1.0,
  "topk_overlap_k5": 1.0,
  "topk_overlap_k10": 1.0,
  "valid": true,
  "orig_prob": 0.9999533891677856,
  "pert_prob": 0.9999574422836304,
  "recovery_delta": {
    "mean_abs_diff": 0.0036370493471622467,
    "max_abs_diff": 0.012549936771392822,
    "std_diff": 0.0031626616644591238
  }
}