{
  "rank_correlation": 0.9486956521739129,
  "stability_score": 0.9831748267446876,
  "topk_overlap_k3": 0.5,
  "topk_overlap_k5": 1.0,
  "topk_overlap_k10": 0.8181818181818182,
  "valid": true,
  "orig_prob": 0.9999830722808838,
  "pert_prob": 0.9999823570251465,
  "recovery_delta": {
    "mean_abs_diff": 0.01999543149395322,
    "max_abs_diff": 0.24517056718468666,
    "std_diff": 0.06362722512600619
  }
}