{
  "rank_correlation": 0.9982608695652172,
  "stability_score": 0.9995645803278582,
  "topk_overlap_k3": 1.0,
  "topk_overlap_k5": 1.0,
  "topk_overlap_k10": 1.0,
  "valid": true,
  "orig_prob": 0.9999755620956421,
  "pert_prob": 0.9999762773513794,
  "recovery_delta": {
    "mean_abs_diff": 3.185317230721315e-06,
    "max_abs_diff": 1.372050610370934e-05,
    "std_diff": 3.28730491460954e-06
  }
}