{
  "rank_correlation": 0.9269565217391305,
  "stability_score": 0.9817325074941218,
  "topk_overlap_k3": 0.5,
  "topk_overlap_k5": 1.0,
  "topk_overlap_k10": 0.6666666666666666,
  "valid": true,
  "orig_prob": 0.999916672706604,
  "pert_prob": 0.9998464584350586,
  "recovery_delta": {
    "mean_abs_diff": 3.311470330421192e-05,
    "max_abs_diff": 0.00023449014406651258,
    "std_diff": 5.0033471378208026e-05
  }
}