{
  "rank_correlation": 0.9930434782608695,
  "stability_score": 0.9982046590469849,
  "topk_overlap_k3": 1.0,
  "topk_overlap_k5": 1.0,
  "topk_overlap_k10": 0.8181818181818182,
  "valid": true,
  "orig_prob": 0.9999969005584717,
  "pert_prob": 0.9999966621398926,
  "recovery_delta": {
    "mean_abs_diff": 0.00028105259116273373,
    "max_abs_diff": 0.0017229299992322922,
    "std_diff": 0.0004142974266506458
  }
}