{
  "rank_correlation": 0.8286956521739129,
  "stability_score": 0.7857403375120618,
  "topk_overlap_k3": 0.5,
  "topk_overlap_k5": 0.42857142857142855,
  "topk_overlap_k10": 0.5384615384615384,
  "valid": true,
  "orig_prob": 0.9985235333442688,
  "pert_prob": 0.8425158262252808,
  "recovery_delta": {
    "mean_abs_diff": 2.5020514224631068e-05,
    "max_abs_diff": 0.00019229072495363653,
    "std_diff": 4.939099142770081e-05
  }
}