{
  "rank_correlation": 0.9513043478260867,
  "stability_score": 0.8876786319377319,
  "topk_overlap_k3": 1.0,
  "topk_overlap_k5": 0.6666666666666666,
  "topk_overlap_k10": 1.0,
  "valid": true,
  "orig_prob": 0.9999809265136719,
  "pert_prob": 0.9999808073043823,
  "recovery_delta": {
    "mean_abs_diff": 0.0007372750939490894,
    "max_abs_diff": 0.0027063456363976,
    "std_diff": 0.0007899072034955966
  }
}