{
  "rank_correlation": 0.994782608695652,
  "stability_score": 0.9986700675136366,
  "topk_overlap_k3": 1.0,
  "topk_overlap_k5": 1.0,
  "topk_overlap_k10": 1.0,
  "valid": true,
  "orig_prob": 0.9999661445617676,
  "pert_prob": 0.9999586343765259,
  "recovery_delta": {
    "mean_abs_diff": 0.00012792330138230076,
    "max_abs_diff": 0.0008553457446396351,
    "std_diff": 0.00023545297613236123
  }
}