{
  "rank_correlation": 0.9921739130434782,
  "stability_score": 0.9980421451704539,
  "topk_overlap_k3": 1.0,
  "topk_overlap_k5": 1.0,
  "topk_overlap_k10": 1.0,
  "valid": true,
  "orig_prob": 0.9995768666267395,
  "pert_prob": 0.9993213415145874,
  "recovery_delta": {
    "mean_abs_diff": 6.6654520788726286e-06,
    "max_abs_diff": 0.00014901012764312327,
    "std_diff": 2.9701963329154906e-05
  }
}