{
  "rank_correlation": 0.6713043478260868,
  "stability_score": 0.6928145315374044,
  "topk_overlap_k3": 0.2,
  "topk_overlap_k5": 0.25,
  "topk_overlap_k10": 0.8181818181818182,
  "valid": true,
  "orig_prob": 0.9862672090530396,
  "pert_prob": 0.9966536164283752,
  "recovery_delta": {
    "mean_abs_diff": 5.7777095586667805e-05,
    "max_abs_diff": 0.00044921564403921366,
    "std_diff": 9.251388611976911e-05
  }
}