{
  "rank_correlation": 0.8217391304347826,
  "stability_score": 0.7839796974187443,
  "topk_overlap_k3": 0.2,
  "topk_overlap_k5": 0.42857142857142855,
  "topk_overlap_k10": 0.6666666666666666,
  "valid": true,
  "orig_prob": 0.9996137022972107,
  "pert_prob": 0.9991322159767151,
  "recovery_delta": {
    "mean_abs_diff": 0.00013256880689975029,
    "max_abs_diff": 0.000946597196161747,
    "std_diff": 0.00022376640670859126
  }
}