{
  "rank_correlation": 0.917391304347826,
  "stability_score": 0.8793472898404409,
  "topk_overlap_k3": 1.0,
  "topk_overlap_k5": 0.6666666666666666,
  "topk_overlap_k10": 1.0,
  "valid": true,
  "orig_prob": 0.9981763362884521,
  "pert_prob": 0.9942432045936584,
  "recovery_delta": {
    "mean_abs_diff": 2.6812325775911936e-06,
    "max_abs_diff": 1.0838066373253241e-05,
    "std_diff": 2.7767835565315965e-06
  }
}