{
  "rank_correlation": 0.997391304347826,
  "stability_score": 0.9986014515096726,
  "topk_overlap_k3": 1.0,
  "topk_overlap_k5": 1.0,
  "topk_overlap_k10": 0.8181818181818182,
  "valid": true,
  "orig_prob": 0.9999905824661255,
  "pert_prob": 0.9999899864196777,
  "recovery_delta": {
    "mean_abs_diff": 0.0037318728864192963,
    "max_abs_diff": 0.017323099076747894,
    "std_diff": 0.004370671280924799
  }
}