{
  "rank_correlation": 0.9965217391304346,
  "stability_score": 0.9991295419080131,
  "topk_overlap_k3": 1.0,
  "topk_overlap_k5": 1.0,
  "topk_overlap_k10": 1.0,
  "valid": true,
  "orig_prob": 0.9862672090530396,
  "pert_prob": 0.9896519780158997,
  "recovery_delta": {
    "mean_abs_diff": 4.464372977963649e-06,
    "max_abs_diff": 2.3407672415487468e-05,
    "std_diff": 4.900658677979598e-06
  }
}