{
  "rank_correlation": 0.9269565217391305,
  "stability_score": 0.8816978256188813,
  "topk_overlap_k3": 1.0,
  "topk_overlap_k5": 0.6666666666666666,
  "topk_overlap_k10": 0.8181818181818182,
  "valid": true,
  "orig_prob": 0.9997360110282898,
  "pert_prob": 0.9996496438980103,
  "recovery_delta": {
    "mean_abs_diff": 0.00020652407950668325,
    "max_abs_diff": 0.0020397871267050505,
    "std_diff": 0.0004541569037972945
  }
}