{
  "rank_correlation": 0.9921739130434782,
  "stability_score": 0.9980425621113345,
  "topk_overlap_k3": 0.5,
  "topk_overlap_k5": 1.0,
  "topk_overlap_k10": 1.0,
  "valid": true,
  "orig_prob": 0.9999797344207764,
  "pert_prob": 0.999970555305481,
  "recovery_delta": {
    "mean_abs_diff": 4.580747675693904e-06,
    "max_abs_diff": 1.530886220280081e-05,
    "std_diff": 3.7437031250304835e-06
  }
}