{
  "rank_correlation": 0.8939130434782607,
  "stability_score": 0.8656174137416309,
  "topk_overlap_k3": 1.0,
  "topk_overlap_k5": 0.6666666666666666,
  "topk_overlap_k10": 0.8181818181818182,
  "valid": true,
  "orig_prob": 0.9999905824661255,
  "pert_prob": 0.9993071556091309,
  "recovery_delta": {
    "mean_abs_diff": 0.03930423563967148,
    "max_abs_diff": 0.15399405360221863,
    "std_diff": 0.039385001264285305
  }
}