{
  "rank_correlation": 0.9826086956521738,
  "stability_score": 0.8933622824217098,
  "topk_overlap_k3": 1.0,
  "topk_overlap_k5": 0.6666666666666666,
  "topk_overlap_k10": 0.8181818181818182,
  "valid": true,
  "orig_prob": 0.9999251365661621,
  "pert_prob": 0.9999145269393921,
  "recovery_delta": {
    "mean_abs_diff": 0.011449457456668219,
    "max_abs_diff": 0.030422061681747437,
    "std_diff": 0.008448233244980667
  }
}