{
  "rank_correlation": 0.9104347826086956,
  "stability_score": 0.8747687143843242,
  "topk_overlap_k3": 0.5,
  "topk_overlap_k5": 0.6666666666666666,
  "topk_overlap_k10": 0.8181818181818182,
  "valid": true,
  "orig_prob": 0.9999486207962036,
  "pert_prob": 0.9996496438980103,
  "recovery_delta": {
    "mean_abs_diff": 0.014199906339248022,
    "max_abs_diff": 0.04879164695739746,
    "std_diff": 0.01190515257635932
  }
}