{
  "rank_correlation": 0.9773913043478261,
  "stability_score": 0.9943092822292449,
  "topk_overlap_k3": 1.0,
  "topk_overlap_k5": 1.0,
  "topk_overlap_k10": 0.8181818181818182,
  "valid": true,
  "orig_prob": 0.9999809265136719,
  "pert_prob": 0.9999741315841675,
  "recovery_delta": {
    "mean_abs_diff": 0.00019271928855838874,
    "max_abs_diff": 0.0008668540976941586,
    "std_diff": 0.00020642619516143625
  }
}