{
  "rank_correlation": 0.9921739130434782,
  "stability_score": 0.997376260638669,
  "topk_overlap_k3": 0.5,
  "topk_overlap_k5": 1.0,
  "topk_overlap_k10": 1.0,
  "valid": true,
  "orig_prob": 0.9999486207962036,
  "pert_prob": 0.9999487400054932,
  "recovery_delta": {
    "mean_abs_diff": 0.00333608811100324,
    "max_abs_diff": 0.01043654978275299,
    "std_diff": 0.0027297585028714915
  }
}