{
  "rank_correlation": 0.9860869565217389,
  "stability_score": 0.9964687266313146,
  "topk_overlap_k3": 1.0,
  "topk_overlap_k5": 1.0,
  "topk_overlap_k10": 1.0,
  "valid": true,
  "orig_prob": 0.9999809265136719,
  "pert_prob": 0.9999804496765137,
  "recovery_delta": {
    "mean_abs_diff": 0.00026506249560043216,
    "max_abs_diff": 0.0011726361699402332,
    "std_diff": 0.00028487157169614454
  }
}