{
  "rank_correlation": 0.994782608695652,
  "stability_score": 0.8964899680137202,
  "topk_overlap_k3": 1.0,
  "topk_overlap_k5": 0.6666666666666666,
  "topk_overlap_k10": 1.0,
  "valid": true,
  "orig_prob": 0.9999533891677856,
  "pert_prob": 0.9999514818191528,
  "recovery_delta": {
    "mean_abs_diff": 0.011028420800964037,
    "max_abs_diff": 0.039061009883880615,
    "std_diff": 0.010445316746654281
  }
}