{
  "rank_correlation": 0.788695652173913,
  "stability_score": 0.7221665550532704,
  "topk_overlap_k3": 0.2,
  "topk_overlap_k5": 0.25,
  "topk_overlap_k10": 0.6666666666666666,
  "valid": true,
  "orig_prob": 0.9999980926513672,
  "pert_prob": 0.9999868869781494,
  "recovery_delta": {
    "mean_abs_diff": 3.678995103939542e-05,
    "max_abs_diff": 0.0003319556035421556,
    "std_diff": 8.218362321223023e-05
  }
}