{
  "rank_correlation": 0.7121739130434783,
  "stability_score": 0.8280405067415939,
  "topk_overlap_k3": 0.5,
  "topk_overlap_k5": 0.6666666666666666,
  "topk_overlap_k10": 0.8181818181818182,
  "valid": true,
  "orig_prob": 0.9996137022972107,
  "pert_prob": 0.9827815890312195,
  "recovery_delta": {
    "mean_abs_diff": 1.4857596378684926e-05,
    "max_abs_diff": 5.077693276689388e-05,
    "std_diff": 1.3236764142853748e-05
  }
}