src_idx,tgt_idx,true_label,baseline_P,P_after_multi5,delta_multi5
849,858,52,0.9862672090530396,0.8767962455749512,-0.10947096347808838
