{
  "rank_correlation": 0.9713043478260868,
  "stability_score": 0.8928234352328749,
  "topk_overlap_k3": 0.5,
  "topk_overlap_k5": 0.6666666666666666,
  "topk_overlap_k10": 0.8181818181818182,
  "valid": true,
  "orig_prob": 0.999916672706604,
  "pert_prob": 0.999824583530426,
  "recovery_delta": {
    "mean_abs_diff": 1.3258618234128031e-05,
    "max_abs_diff": 5.089471233077347e-05,
    "std_diff": 1.2500843175987014e-05
  }
}