{
  "rank_correlation": 0.9939130434782607,
  "stability_score": 0.9984597763487227,
  "topk_overlap_k3": 1.0,
  "topk_overlap_k5": 1.0,
  "topk_overlap_k10": 0.8181818181818182,
  "valid": true,
  "orig_prob": 0.9998812675476074,
  "pert_prob": 0.9998878240585327,
  "recovery_delta": {
    "mean_abs_diff": 9.242260421160609e-05,
    "max_abs_diff": 0.0004484582459554076,
    "std_diff": 0.00012670122464019005
  }
}