{
  "rank_correlation": 0.9939130434782607,
  "stability_score": 0.9982451421755999,
  "topk_overlap_k3": 1.0,
  "topk_overlap_k5": 1.0,
  "topk_overlap_k10": 1.0,
  "valid": true,
  "orig_prob": 0.9999905824661255,
  "pert_prob": 0.9999901056289673,
  "recovery_delta": {
    "mean_abs_diff": 0.0011655934698258836,
    "max_abs_diff": 0.005175455939024687,
    "std_diff": 0.0016686000609924198
  }
}