{
  "rank_correlation": 0.997391304347826,
  "stability_score": 0.9993208860680864,
  "topk_overlap_k3": 1.0,
  "topk_overlap_k5": 1.0,
  "topk_overlap_k10": 1.0,
  "valid": true,
  "orig_prob": 0.9999809265136719,
  "pert_prob": 0.9999804496765137,
  "recovery_delta": {
    "mean_abs_diff": 0.00013470009434968233,
    "max_abs_diff": 0.000604074914008379,
    "std_diff": 0.00014247868797251934
  }
}