src_idx,tgt_idx,true_label,baseline_P,P_after_multi5,delta_multi5
1742,2222,90,0.9998161196708679,0.9998161196708679,0.0
