{
  "rank_correlation": 0.8895652173913042,
  "stability_score": 0.9665695686817702,
  "topk_overlap_k3": 1.0,
  "topk_overlap_k5": 1.0,
  "topk_overlap_k10": 0.8181818181818182,
  "valid": true,
  "orig_prob": 0.9999969005584717,
  "pert_prob": 0.999987006187439,
  "recovery_delta": {
    "mean_abs_diff": 0.029108678330279265,
    "max_abs_diff": 0.517516240477562,
    "std_diff": 0.10348056932004346
  }
}