{
  "rank_correlation": 0.9965217391304346,
  "stability_score": 0.998444501426125,
  "topk_overlap_k3": 1.0,
  "topk_overlap_k5": 1.0,
  "topk_overlap_k10": 1.0,
  "valid": true,
  "orig_prob": 0.9999486207962036,
  "pert_prob": 0.9999487400054932,
  "recovery_delta": {
    "mean_abs_diff": 0.0034296667824188867,
    "max_abs_diff": 0.011765927076339722,
    "std_diff": 0.0029588967564679724
  }
}