{
  "rank_correlation": 0.9791304347826085,
  "stability_score": 0.9906019976465167,
  "topk_overlap_k3": 1.0,
  "topk_overlap_k5": 1.0,
  "topk_overlap_k10": 0.8181818181818182,
  "valid": true,
  "orig_prob": 0.9999905824661255,
  "pert_prob": 0.9999908208847046,
  "recovery_delta": {
    "mean_abs_diff": 0.02090305524567763,
    "max_abs_diff": 0.09742424637079239,
    "std_diff": 0.0227553328052838
  }
}