{
  "rank_correlation": 0.9495652173913043,
  "stability_score": 0.8820011289544218,
  "topk_overlap_k3": 0.5,
  "topk_overlap_k5": 0.6666666666666666,
  "topk_overlap_k10": 0.8181818181818182,
  "valid": true,
  "orig_prob": 0.9999830722808838,
  "pert_prob": 0.9999823570251465,
  "recovery_delta": {
    "mean_abs_diff": 0.02695087696702103,
    "max_abs_diff": 0.483716756105423,
    "std_diff": 0.09760702236810599
  }
}