{
  "rank_correlation": 0.9869565217391304,
  "stability_score": 0.8966401778805289,
  "topk_overlap_k3": 1.0,
  "topk_overlap_k5": 0.6666666666666666,
  "topk_overlap_k10": 1.0,
  "valid": true,
  "orig_prob": 0.9999661445617676,
  "pert_prob": 0.9998663663864136,
  "recovery_delta": {
    "mean_abs_diff": 0.0004947627712681424,
    "max_abs_diff": 0.004515741020441055,
    "std_diff": 0.001121399163058219
  }
}