{
  "rank_correlation": 0.7947826086956521,
  "stability_score": 0.77725996675663,
  "topk_overlap_k3": 0.2,
  "topk_overlap_k5": 0.42857142857142855,
  "topk_overlap_k10": 0.6666666666666666,
  "valid": true,
  "orig_prob": 0.9862672090530396,
  "pert_prob": 0.9780808091163635,
  "recovery_delta": {
    "mean_abs_diff": 3.5569943558281615e-05,
    "max_abs_diff": 0.00021058795391581953,
    "std_diff": 5.1022644671934685e-05
  }
}