{
  "rank_correlation": 0.9686956521739128,
  "stability_score": 0.892173327003746,
  "topk_overlap_k3": 1.0,
  "topk_overlap_k5": 0.6666666666666666,
  "topk_overlap_k10": 1.0,
  "valid": true,
  "orig_prob": 0.9998812675476074,
  "pert_prob": 0.9998717308044434,
  "recovery_delta": {
    "mean_abs_diff": 2.930198661488248e-06,
    "max_abs_diff": 1.4403247405425645e-05,
    "std_diff": 3.682231957944645e-06
  }
}