{
  "rank_correlation": 0.8834782608695652,
  "stability_score": 0.8691346574678555,
  "topk_overlap_k3": 0.5,
  "topk_overlap_k5": 0.6666666666666666,
  "topk_overlap_k10": 0.8181818181818182,
  "valid": true,
  "orig_prob": 0.9999830722808838,
  "pert_prob": 0.9999743700027466,
  "recovery_delta": {
    "mean_abs_diff": 0.008674538747679131,
    "max_abs_diff": 0.09182587265968323,
    "std_diff": 0.02417815507720352
  }
}