{
  "rank_correlation": 0.9904347826086956,
  "stability_score": 0.8943085683893034,
  "topk_overlap_k3": 1.0,
  "topk_overlap_k5": 0.6666666666666666,
  "topk_overlap_k10": 1.0,
  "valid": true,
  "orig_prob": 0.9999418258666992,
  "pert_prob": 0.9999386072158813,
  "recovery_delta": {
    "mean_abs_diff": 0.016500636314352352,
    "max_abs_diff": 0.05817902088165283,
    "std_diff": 0.013553638077656797
  }
}