{
  "rank_correlation": 0.8008695652173912,
  "stability_score": 0.7779025020161785,
  "topk_overlap_k3": 0.5,
  "topk_overlap_k5": 0.42857142857142855,
  "topk_overlap_k10": 0.6666666666666666,
  "valid": true,
  "orig_prob": 0.9999661445617676,
  "pert_prob": 0.9997410178184509,
  "recovery_delta": {
    "mean_abs_diff": 0.004431589297989073,
    "max_abs_diff": 0.07525918632745743,
    "std_diff": 0.014912711241568788
  }
}