{
  "rank_correlation": 0.9686956521739128,
  "stability_score": 0.8921730157193692,
  "topk_overlap_k3": 1.0,
  "topk_overlap_k5": 0.6666666666666666,
  "topk_overlap_k10": 0.6666666666666666,
  "valid": true,
  "orig_prob": 0.9998812675476074,
  "pert_prob": 0.9998717308044434,
  "recovery_delta": {
    "mean_abs_diff": 4.486620544715454e-06,
    "max_abs_diff": 2.9555637411249336e-05,
    "std_diff": 7.401215360864109e-06
  }
}