{
  "rank_correlation": 0.76,
  "stability_score": 0.7649051916602703,
  "topk_overlap_k3": 0.5,
  "topk_overlap_k5": 0.42857142857142855,
  "topk_overlap_k10": 0.5384615384615384,
  "valid": true,
  "orig_prob": 0.9997360110282898,
  "pert_prob": 0.9994255304336548,
  "recovery_delta": {
    "mean_abs_diff": 0.01833118455579097,
    "max_abs_diff": 0.24061025772243738,
    "std_diff": 0.05448119040365983
  }
}