{
  "rank_correlation": 0.9869565217391304,
  "stability_score": 0.8967380979402598,
  "topk_overlap_k3": 1.0,
  "topk_overlap_k5": 0.6666666666666666,
  "topk_overlap_k10": 1.0,
  "valid": true,
  "orig_prob": 0.9999797344207764,
  "pert_prob": 0.9999767541885376,
  "recovery_delta": {
    "mean_abs_diff": 5.162472613543893e-06,
    "max_abs_diff": 2.8356313123367727e-05,
    "std_diff": 6.503334296669143e-06
  }
}