{
  "rank_correlation": 0.8426086956521738,
  "stability_score": 0.7890897863162603,
  "topk_overlap_k3": 0.5,
  "topk_overlap_k5": 0.42857142857142855,
  "topk_overlap_k10": 0.6666666666666666,
  "valid": true,
  "orig_prob": 0.9981763362884521,
  "pert_prob": 0.9930052161216736,
  "recovery_delta": {
    "mean_abs_diff": 0.0006690808410591368,
    "max_abs_diff": 0.003460927167907357,
    "std_diff": 0.000808607367415655
  }
}