{
  "rank_correlation": 0.937391304347826,
  "stability_score": 0.7587366384106976,
  "topk_overlap_k3": 0.5,
  "topk_overlap_k5": 0.25,
  "topk_overlap_k10": 0.8181818181818182,
  "valid": true,
  "orig_prob": 0.9999969005584717,
  "pert_prob": 0.9999942779541016,
  "recovery_delta": {
    "mean_abs_diff": 0.003055938381294254,
    "max_abs_diff": 0.036591798067092896,
    "std_diff": 0.007505159043789677
  }
}