{
  "rank_correlation": 0.997391304347826,
  "stability_score": 0.9993325600573459,
  "topk_overlap_k3": 1.0,
  "topk_overlap_k5": 1.0,
  "topk_overlap_k10": 1.0,
  "valid": true,
  "orig_prob": 0.9981763362884521,
  "pert_prob": 0.9983184337615967,
  "recovery_delta": {
    "mean_abs_diff": 7.633014805226897e-05,
    "max_abs_diff": 0.0003721010871231556,
    "std_diff": 8.649564344900507e-05
  }
}