{
  "rank_correlation": 0.8278260869565216,
  "stability_score": 0.9566549511294855,
  "topk_overlap_k3": 0.5,
  "topk_overlap_k5": 1.0,
  "topk_overlap_k10": 0.8181818181818182,
  "valid": true,
  "orig_prob": 0.999916672706604,
  "pert_prob": 0.9998546838760376,
  "recovery_delta": {
    "mean_abs_diff": 0.0015078530482242058,
    "max_abs_diff": 0.018816005438566208,
    "std_diff": 0.004103272779443022
  }
}