{
  "rank_correlation": 0.9278260869565217,
  "stability_score": 0.8819555961130507,
  "topk_overlap_k3": 0.5,
  "topk_overlap_k5": 0.6666666666666666,
  "topk_overlap_k10": 0.6666666666666666,
  "valid": true,
  "orig_prob": 0.9981763362884521,
  "pert_prob": 0.9930052161216736,
  "recovery_delta": {
    "mean_abs_diff": 4.628130398032226e-06,
    "max_abs_diff": 3.0452938517555594e-05,
    "std_diff": 7.0134097771129474e-06
  }
}