{
  "rank_correlation": 0.9965217391304346,
  "stability_score": 0.9991032528798636,
  "topk_overlap_k3": 1.0,
  "topk_overlap_k5": 1.0,
  "topk_overlap_k10": 0.8181818181818182,
  "valid": true,
  "orig_prob": 0.9999969005584717,
  "pert_prob": 0.9999969005584717,
  "recovery_delta": {
    "mean_abs_diff": 0.0001359095137255887,
    "max_abs_diff": 0.0007744282484054565,
    "std_diff": 0.00018918535579664312
  }
}