{
  "rank_correlation": 0.9982608695652172,
  "stability_score": 0.9988241610384506,
  "topk_overlap_k3": 1.0,
  "topk_overlap_k5": 1.0,
  "topk_overlap_k10": 1.0,
  "valid": true,
  "orig_prob": 0.9999251365661621,
  "pert_prob": 0.9999322891235352,
  "recovery_delta": {
    "mean_abs_diff": 0.003705281764268875,
    "max_abs_diff": 0.010217368602752686,
    "std_diff": 0.002635384447673186
  }
}