{
  "rank_correlation": 0.7269565217391305,
  "stability_score": 0.7602771976063951,
  "topk_overlap_k3": 0.5,
  "topk_overlap_k5": 0.42857142857142855,
  "topk_overlap_k10": 0.6666666666666666,
  "valid": true,
  "orig_prob": 0.999916672706604,
  "pert_prob": 0.9998464584350586,
  "recovery_delta": {
    "mean_abs_diff": 0.00016680699908041183,
    "max_abs_diff": 0.0020057060901308432,
    "std_diff": 0.0004107377375404174
  }
}