{
  "rank_correlation": 0.9765217391304346,
  "stability_score": 0.9937971500733331,
  "topk_overlap_k3": 1.0,
  "topk_overlap_k5": 1.0,
  "topk_overlap_k10": 0.8181818181818182,
  "valid": true,
  "orig_prob": 0.9999830722808838,
  "pert_prob": 0.9999743700027466,
  "recovery_delta": {
    "mean_abs_diff": 0.0016664235463773973,
    "max_abs_diff": 0.01498753810301423,
    "std_diff": 0.0042291096994862285
  }
}