{
  "rank_correlation": 0.8478260869565216,
  "stability_score": 0.8619493429460032,
  "topk_overlap_k3": 1.0,
  "topk_overlap_k5": 0.6666666666666666,
  "topk_overlap_k10": 0.6666666666666666,
  "valid": true,
  "orig_prob": 0.9862672090530396,
  "pert_prob": 0.9966536164283752,
  "recovery_delta": {
    "mean_abs_diff": 3.5893965635599066e-05,
    "max_abs_diff": 0.00025884182832669467,
    "std_diff": 5.0806882125149064e-05
  }
}