{
  "rank_correlation": 0.9773913043478261,
  "stability_score": 0.993992720718473,
  "topk_overlap_k3": 1.0,
  "topk_overlap_k5": 1.0,
  "topk_overlap_k10": 0.8181818181818182,
  "valid": true,
  "orig_prob": 0.9999661445617676,
  "pert_prob": 0.9998980760574341,
  "recovery_delta": {
    "mean_abs_diff": 0.0017755268424177,
    "max_abs_diff": 0.03461182303726673,
    "std_diff": 0.0068887645432140964
  }
}