{
  "rank_correlation": 0.9913043478260868,
  "stability_score": 0.9978070695033133,
  "topk_overlap_k3": 1.0,
  "topk_overlap_k5": 1.0,
  "topk_overlap_k10": 0.8181818181818182,
  "valid": true,
  "orig_prob": 0.9998812675476074,
  "pert_prob": 0.9998806715011597,
  "recovery_delta": {
    "mean_abs_diff": 9.508726604205246e-05,
    "max_abs_diff": 0.0005670922109857202,
    "std_diff": 0.00015094463390756945
  }
}