{
  "rank_correlation": 0.7182608695652173,
  "stability_score": 0.8295469383269978,
  "topk_overlap_k3": 0.5,
  "topk_overlap_k5": 0.6666666666666666,
  "topk_overlap_k10": 0.3333333333333333,
  "valid": true,
  "orig_prob": 0.9862672090530396,
  "pert_prob": 0.9966536164283752,
  "recovery_delta": {
    "mean_abs_diff": 9.139532153312757e-05,
    "max_abs_diff": 0.0011331475398037583,
    "std_diff": 0.0002197489219461528
  }
}