{
  "rank_correlation": 0.9226086956521738,
  "stability_score": 0.8806515412240735,
  "topk_overlap_k3": 1.0,
  "topk_overlap_k5": 0.6666666666666666,
  "topk_overlap_k10": 1.0,
  "valid": true,
  "orig_prob": 0.9981763362884521,
  "pert_prob": 0.9871215224266052,
  "recovery_delta": {
    "mean_abs_diff": 3.1634448494817966e-06,
    "max_abs_diff": 1.1337744581396692e-05,
    "std_diff": 3.304814535698282e-06
  }
}