{
  "rank_correlation": 0.6843478260869565,
  "stability_score": 0.6960795735023801,
  "topk_overlap_k3": 0.2,
  "topk_overlap_k5": 0.25,
  "topk_overlap_k10": 0.5384615384615384,
  "valid": true,
  "orig_prob": 0.9862672090530396,
  "pert_prob": 0.7425165176391602,
  "recovery_delta": {
    "mean_abs_diff": 3.6915096795079684e-05,
    "max_abs_diff": 0.0001632102794246748,
    "std_diff": 4.2560318615613865e-05
  }
}