{
  "rank_correlation": 0.9878260869565217,
  "stability_score": 0.9969565169318007,
  "topk_overlap_k3": 1.0,
  "topk_overlap_k5": 1.0,
  "topk_overlap_k10": 1.0,
  "valid": true,
  "orig_prob": 0.9995768666267395,
  "pert_prob": 0.9994751811027527,
  "recovery_delta": {
    "mean_abs_diff": 2.403664822736573e-08,
    "max_abs_diff": 2.674660208867863e-07,
    "std_diff": 5.3736447515566706e-08
  }
}