{
  "rank_correlation": 0.9817391304347826,
  "stability_score": 0.8954334544449942,
  "topk_overlap_k3": 0.5,
  "topk_overlap_k5": 0.6666666666666666,
  "topk_overlap_k10": 1.0,
  "valid": true,
  "orig_prob": 0.9998161196708679,
  "pert_prob": 0.9997538924217224,
  "recovery_delta": {
    "mean_abs_diff": 6.6408185072456645e-06,
    "max_abs_diff": 3.321695839986205e-05,
    "std_diff": 8.964448958463562e-06
  }
}