{
  "rank_correlation": 0.9521739130434782,
  "stability_score": 0.8166098743841205,
  "topk_overlap_k3": 0.5,
  "topk_overlap_k5": 0.42857142857142855,
  "topk_overlap_k10": 0.8181818181818182,
  "valid": true,
  "orig_prob": 0.9999980926513672,
  "pert_prob": 0.9999967813491821,
  "recovery_delta": {
    "mean_abs_diff": 2.5162240888221277e-05,
    "max_abs_diff": 0.00027861475973622873,
    "std_diff": 6.453033093071014e-05
  }
}