{
  "rank_correlation": 0.9678260869565216,
  "stability_score": 0.8890102263982744,
  "topk_overlap_k3": 1.0,
  "topk_overlap_k5": 0.6666666666666666,
  "topk_overlap_k10": 0.8181818181818182,
  "valid": true,
  "orig_prob": 0.9999486207962036,
  "pert_prob": 0.9996496438980103,
  "recovery_delta": {
    "mean_abs_diff": 0.014731476704279581,
    "max_abs_diff": 0.055250346660614014,
    "std_diff": 0.014069697240492335
  }
}