{
  "rank_correlation": 0.717391304347826,
  "stability_score": 0.7041848988165746,
  "topk_overlap_k3": 0.5,
  "topk_overlap_k5": 0.25,
  "topk_overlap_k10": 0.6666666666666666,
  "valid": true,
  "orig_prob": 0.9981763362884521,
  "pert_prob": 0.9876684546470642,
  "recovery_delta": {
    "mean_abs_diff": 0.0008146363519093333,
    "max_abs_diff": 0.0032485665287822485,
    "std_diff": 0.0008933048675646032
  }
}