{
  "rank_correlation": 0.9826086956521738,
  "stability_score": 0.9952211206424576,
  "topk_overlap_k3": 1.0,
  "topk_overlap_k5": 1.0,
  "topk_overlap_k10": 1.0,
  "valid": true,
  "orig_prob": 0.9999905824661255,
  "pert_prob": 0.9999910593032837,
  "recovery_delta": {
    "mean_abs_diff": 0.002155266352929175,
    "max_abs_diff": 0.012984878849238157,
    "std_diff": 0.003053770132542985
  }
}