{
  "rank_correlation": 0.868695652173913,
  "stability_score": 0.7957374418207794,
  "topk_overlap_k3": 1.0,
  "topk_overlap_k5": 0.42857142857142855,
  "topk_overlap_k10": 0.5384615384615384,
  "valid": true,
  "orig_prob": 0.9862672090530396,
  "pert_prob": 0.9900729656219482,
  "recovery_delta": {
    "mean_abs_diff": 3.9498970636486774e-05,
    "max_abs_diff": 0.00017801928333938122,
    "std_diff": 3.858932654584954e-05
  }
}