{
  "rank_correlation": 0.9869565217391304,
  "stability_score": 0.896606397495497,
  "topk_overlap_k3": 1.0,
  "topk_overlap_k5": 0.6666666666666666,
  "topk_overlap_k10": 1.0,
  "valid": true,
  "orig_prob": 0.9999809265136719,
  "pert_prob": 0.9999808073043823,
  "recovery_delta": {
    "mean_abs_diff": 0.000663664696427683,
    "max_abs_diff": 0.0028580185025930405,
    "std_diff": 0.000678775503379582
  }
}