{
  "rank_correlation": 0.994782608695652,
  "stability_score": 0.9986954806870044,
  "topk_overlap_k3": 1.0,
  "topk_overlap_k5": 1.0,
  "topk_overlap_k10": 0.8181818181818182,
  "valid": true,
  "orig_prob": 0.9998812675476074,
  "pert_prob": 0.9998868703842163,
  "recovery_delta": {
    "mean_abs_diff": 8.574345429224195e-07,
    "max_abs_diff": 3.2127118174685165e-06,
    "std_diff": 8.067545345474975e-07
  }
}