{
  "rank_correlation": 0.9982608695652172,
  "stability_score": 0.8995020527116603,
  "topk_overlap_k3": 1.0,
  "topk_overlap_k5": 0.6666666666666666,
  "topk_overlap_k10": 1.0,
  "valid": true,
  "orig_prob": 0.9999809265136719,
  "pert_prob": 0.999981164932251,
  "recovery_delta": {
    "mean_abs_diff": 0.0003158233982200424,
    "max_abs_diff": 0.0014270469546318054,
    "std_diff": 0.0003282874253366092
  }
}