{
  "rank_correlation": 0.6904347826086955,
  "stability_score": 0.7511746546498455,
  "topk_overlap_k3": 0.2,
  "topk_overlap_k5": 0.42857142857142855,
  "topk_overlap_k10": 0.5384615384615384,
  "valid": true,
  "orig_prob": 0.9985235333442688,
  "pert_prob": 0.6335897445678711,
  "recovery_delta": {
    "mean_abs_diff": 2.7347868784962277e-05,
    "max_abs_diff": 0.0002207880315836519,
    "std_diff": 5.659955949470756e-05
  }
}