{
  "rank_correlation": 0.6521739130434783,
  "stability_score": 0.7415623712929362,
  "topk_overlap_k3": 0.5,
  "topk_overlap_k5": 0.42857142857142855,
  "topk_overlap_k10": 0.6666666666666666,
  "valid": true,
  "orig_prob": 0.9997360110282898,
  "pert_prob": 0.9987106323242188,
  "recovery_delta": {
    "mean_abs_diff": 0.00026267769680998754,
    "max_abs_diff": 0.002805802483635489,
    "std_diff": 0.0006726468524497788
  }
}