{
  "rank_correlation": 0.9704347826086955,
  "stability_score": 0.8926083864201763,
  "topk_overlap_k3": 1.0,
  "topk_overlap_k5": 0.6666666666666666,
  "topk_overlap_k10": 1.0,
  "valid": true,
  "orig_prob": 0.9998161196708679,
  "pert_prob": 0.9997538924217224,
  "recovery_delta": {
    "mean_abs_diff": 1.5461599881897807e-06,
    "max_abs_diff": 1.2738033547066152e-05,
    "std_diff": 2.5099642146932695e-06
  }
}