{
  "rank_correlation": 0.9852173913043477,
  "stability_score": 0.9957618951624381,
  "topk_overlap_k3": 0.5,
  "topk_overlap_k5": 1.0,
  "topk_overlap_k10": 0.8181818181818182,
  "valid": true,
  "orig_prob": 0.9999969005584717,
  "pert_prob": 0.9999961853027344,
  "recovery_delta": {
    "mean_abs_diff": 0.002712263318244368,
    "max_abs_diff": 0.028594791889190674,
    "std_diff": 0.005804803907678038
  }
}