{
  "rank_correlation": 0.8139130434782607,
  "stability_score": 0.7819688143135701,
  "topk_overlap_k3": 0.5,
  "topk_overlap_k5": 0.42857142857142855,
  "topk_overlap_k10": 0.6666666666666666,
  "valid": true,
  "orig_prob": 0.9981763362884521,
  "pert_prob": 0.9871215224266052,
  "recovery_delta": {
    "mean_abs_diff": 0.00040437563711748226,
    "max_abs_diff": 0.0022539750207215548,
    "std_diff": 0.0005404358448360634
  }
}