{
  "rank_correlation": 0.9939130434782607,
  "stability_score": 0.8984739150469174,
  "topk_overlap_k3": 1.0,
  "topk_overlap_k5": 0.6666666666666666,
  "topk_overlap_k10": 1.0,
  "valid": true,
  "orig_prob": 0.9999755620956421,
  "pert_prob": 0.9999452829360962,
  "recovery_delta": {
    "mean_abs_diff": 2.172911323820396e-05,
    "max_abs_diff": 8.645644993521273e-05,
    "std_diff": 2.185697932512185e-05
  }
}