{
  "rank_correlation": 0.8121739130434782,
  "stability_score": 0.7815394676033672,
  "topk_overlap_k3": 0.5,
  "topk_overlap_k5": 0.42857142857142855,
  "topk_overlap_k10": 0.6666666666666666,
  "valid": true,
  "orig_prob": 0.9981763362884521,
  "pert_prob": 0.9942432045936584,
  "recovery_delta": {
    "mean_abs_diff": 0.00037719614465459017,
    "max_abs_diff": 0.0015687295235693455,
    "std_diff": 0.0004023627772468415
  }
}