{
  "rank_correlation": 0.9730434782608696,
  "stability_score": 0.8932548503575547,
  "topk_overlap_k3": 0.5,
  "topk_overlap_k5": 0.6666666666666666,
  "topk_overlap_k10": 0.8181818181818182,
  "valid": true,
  "orig_prob": 0.9995768666267395,
  "pert_prob": 0.998561441898346,
  "recovery_delta": {
    "mean_abs_diff": 3.0096038313350466e-05,
    "max_abs_diff": 0.0005645992059726268,
    "std_diff": 0.0001123349933182246
  }
}