{
  "rank_correlation": 0.9965217391304346,
  "stability_score": 0.9985098834994479,
  "topk_overlap_k3": 1.0,
  "topk_overlap_k5": 1.0,
  "topk_overlap_k10": 1.0,
  "valid": true,
  "orig_prob": 0.9999486207962036,
  "pert_prob": 0.9999361038208008,
  "recovery_delta": {
    "mean_abs_diff": 0.0031027564158042273,
    "max_abs_diff": 0.010989725589752197,
    "std_diff": 0.002798060350598263
  }
}