{
  "rank_correlation": 0.9826086956521738,
  "stability_score": 0.9942705193723457,
  "topk_overlap_k3": 0.5,
  "topk_overlap_k5": 1.0,
  "topk_overlap_k10": 1.0,
  "valid": true,
  "orig_prob": 0.9999486207962036,
  "pert_prob": 0.9999408721923828,
  "recovery_delta": {
    "mean_abs_diff": 0.0069082727034886675,
    "max_abs_diff": 0.025917083024978638,
    "std_diff": 0.006686647978898113
  }
}