{
  "rank_correlation": 0.8808695652173912,
  "stability_score": 0.7987865619406066,
  "topk_overlap_k3": 0.5,
  "topk_overlap_k5": 0.42857142857142855,
  "topk_overlap_k10": 0.6666666666666666,
  "valid": true,
  "orig_prob": 0.9999980926513672,
  "pert_prob": 0.9999505281448364,
  "recovery_delta": {
    "mean_abs_diff": 1.1289675848994799e-05,
    "max_abs_diff": 0.00010624924652802292,
    "std_diff": 2.26435977075982e-05
  }
}