{
  "rank_correlation": 0.8886956521739129,
  "stability_score": 0.8700852281938432,
  "topk_overlap_k3": 0.5,
  "topk_overlap_k5": 0.6666666666666666,
  "topk_overlap_k10": 0.8181818181818182,
  "valid": true,
  "orig_prob": 0.9999830722808838,
  "pert_prob": 0.999982476234436,
  "recovery_delta": {
    "mean_abs_diff": 0.010443424248175385,
    "max_abs_diff": 0.14280900359153748,
    "std_diff": 0.03065998581503633
  }
}