{
  "rank_correlation": 0.7982608695652172,
  "stability_score": 0.7761914874960361,
  "topk_overlap_k3": 0.2,
  "topk_overlap_k5": 0.42857142857142855,
  "topk_overlap_k10": 0.8181818181818182,
  "valid": true,
  "orig_prob": 0.9999809265136719,
  "pert_prob": 0.9949625730514526,
  "recovery_delta": {
    "mean_abs_diff": 0.009725792333483696,
    "max_abs_diff": 0.037974510341882706,
    "std_diff": 0.009584034985293564
  }
}