{
  "rank_correlation": 0.9956521739130434,
  "stability_score": 0.9989130297908064,
  "topk_overlap_k3": 1.0,
  "topk_overlap_k5": 1.0,
  "topk_overlap_k10": 1.0,
  "valid": true,
  "orig_prob": 0.9995768666267395,
  "pert_prob": 0.9994751811027527,
  "recovery_delta": {
    "mean_abs_diff": 6.843727184957515e-08,
    "max_abs_diff": 5.081815288576763e-07,
    "std_diff": 1.244574598905457e-07
  }
}