{
  "rank_correlation": 0.9043478260869565,
  "stability_score": 0.8760835480982948,
  "topk_overlap_k3": 0.5,
  "topk_overlap_k5": 0.6666666666666666,
  "topk_overlap_k10": 0.8181818181818182,
  "valid": true,
  "orig_prob": 0.9999980926513672,
  "pert_prob": 0.9999963045120239,
  "recovery_delta": {
    "mean_abs_diff": 1.7042117221421904e-05,
    "max_abs_diff": 0.00012646203595068073,
    "std_diff": 3.565532432612215e-05
  }
}