{
  "rank_correlation": 0.8069565217391305,
  "stability_score": 0.7802678615962757,
  "topk_overlap_k3": 0.2,
  "topk_overlap_k5": 0.42857142857142855,
  "topk_overlap_k10": 0.6666666666666666,
  "valid": true,
  "orig_prob": 0.9996137022972107,
  "pert_prob": 0.9827815890312195,
  "recovery_delta": {
    "mean_abs_diff": 0.00021348704967749654,
    "max_abs_diff": 0.0021368807647377253,
    "std_diff": 0.0004232303888414925
  }
}