{
  "rank_correlation": 0.9860869565217389,
  "stability_score": 0.9963239124552953,
  "topk_overlap_k3": 1.0,
  "topk_overlap_k5": 1.0,
  "topk_overlap_k10": 0.8181818181818182,
  "valid": true,
  "orig_prob": 0.9999805688858032,
  "pert_prob": 0.9999750852584839,
  "recovery_delta": {
    "mean_abs_diff": 0.000989133375696838,
    "max_abs_diff": 0.005307845771312714,
    "std_diff": 0.001421555065713795
  }
}