{
  "rank_correlation": 0.8269565217391304,
  "stability_score": 0.8567378704950215,
  "topk_overlap_k3": 0.5,
  "topk_overlap_k5": 0.6666666666666666,
  "topk_overlap_k10": 0.8181818181818182,
  "valid": true,
  "orig_prob": 0.9998161196708679,
  "pert_prob": 0.9637374877929688,
  "recovery_delta": {
    "mean_abs_diff": 6.2996988058709276e-06,
    "max_abs_diff": 3.8386049709515646e-05,
    "std_diff": 1.0081419246270476e-05
  }
}