{
  "rank_correlation": 0.9530434782608694,
  "stability_score": 0.9847517238541005,
  "topk_overlap_k3": 0.5,
  "topk_overlap_k5": 1.0,
  "topk_overlap_k10": 1.0,
  "valid": true,
  "orig_prob": 0.9999830722808838,
  "pert_prob": 0.9999719858169556,
  "recovery_delta": {
    "mean_abs_diff": 0.0175457285555846,
    "max_abs_diff": 0.23160596191883087,
    "std_diff": 0.05594446172879076
  }
}