{
  "rank_correlation": 0.9852173913043477,
  "stability_score": 0.9962654776310049,
  "topk_overlap_k3": 1.0,
  "topk_overlap_k5": 1.0,
  "topk_overlap_k10": 1.0,
  "valid": true,
  "orig_prob": 0.9999809265136719,
  "pert_prob": 0.9999808073043823,
  "recovery_delta": {
    "mean_abs_diff": 0.0001943509754103919,
    "max_abs_diff": 0.0006771762855350971,
    "std_diff": 0.00017212490666285586
  }
}