{
  "rank_correlation": 0.8321739130434782,
  "stability_score": 0.8580349158373546,
  "topk_overlap_k3": 1.0,
  "topk_overlap_k5": 0.6666666666666666,
  "topk_overlap_k10": 0.6666666666666666,
  "valid": true,
  "orig_prob": 0.999916672706604,
  "pert_prob": 0.9999228715896606,
  "recovery_delta": {
    "mean_abs_diff": 4.281211757491595e-05,
    "max_abs_diff": 0.0003180168569087982,
    "std_diff": 6.275502984328076e-05
  }
}