src_idx,tgt_idx,true_label,baseline_P,P_after_multi5,delta_multi5
827,858,52,0.9862672090530396,0.9514349699020386,-0.03483223915100098
