{
  "rank_correlation": 0.9982608695652172,
  "stability_score": 0.9994606071729484,
  "topk_overlap_k3": 1.0,
  "topk_overlap_k5": 1.0,
  "topk_overlap_k10": 1.0,
  "valid": true,
  "orig_prob": 0.9999809265136719,
  "pert_prob": 0.9999804496765137,
  "recovery_delta": {
    "mean_abs_diff": 0.0005230510917802652,
    "max_abs_diff": 0.002710442990064621,
    "std_diff": 0.0005949309713979562
  }
}