{
  "rank_correlation": 0.9913043478260868,
  "stability_score": 0.9971734478853751,
  "topk_overlap_k3": 1.0,
  "topk_overlap_k5": 1.0,
  "topk_overlap_k10": 1.0,
  "valid": true,
  "orig_prob": 0.9999486207962036,
  "pert_prob": 0.9999487400054932,
  "recovery_delta": {
    "mean_abs_diff": 0.003263195355733236,
    "max_abs_diff": 0.010927349328994751,
    "std_diff": 0.0029543721548691225
  }
}