{
  "rank_correlation": 0.9930434782608695,
  "stability_score": 0.9964530276582725,
  "topk_overlap_k3": 1.0,
  "topk_overlap_k5": 1.0,
  "topk_overlap_k10": 1.0,
  "valid": true,
  "orig_prob": 0.9999905824661255,
  "pert_prob": 0.9999910593032837,
  "recovery_delta": {
    "mean_abs_diff": 0.009039209534724554,
    "max_abs_diff": 0.028187870979309082,
    "std_diff": 0.0073371369502322325
  }
}