{
  "rank_correlation": 0.7956521739130433,
  "stability_score": 0.8489103484675623,
  "topk_overlap_k3": 0.5,
  "topk_overlap_k5": 0.6666666666666666,
  "topk_overlap_k10": 0.6666666666666666,
  "valid": true,
  "orig_prob": 0.9998812675476074,
  "pert_prob": 0.941905677318573,
  "recovery_delta": {
    "mean_abs_diff": 1.3475053492584266e-05,
    "max_abs_diff": 4.8237516239169054e-05,
    "std_diff": 1.2133617322569249e-05
  }
}