src_idx,tgt_idx,true_label,baseline_P,P_after_multi5,delta_multi5
1516,1536,88,0.0007895043236203492,0.0007895043236203492,0.0
