{
  "rank_correlation": 0.8730434782608695,
  "stability_score": 0.8682558027821861,
  "topk_overlap_k3": 0.5,
  "topk_overlap_k5": 0.6666666666666666,
  "topk_overlap_k10": 0.8181818181818182,
  "valid": true,
  "orig_prob": 0.9862672090530396,
  "pert_prob": 0.9900729656219482,
  "recovery_delta": {
    "mean_abs_diff": 2.5333915156503888e-05,
    "max_abs_diff": 0.00023063042317517102,
    "std_diff": 4.614998810682419e-05
  }
}