{
  "rank_correlation": 0.8808695652173912,
  "stability_score": 0.8687244965835159,
  "topk_overlap_k3": 0.5,
  "topk_overlap_k5": 0.6666666666666666,
  "topk_overlap_k10": 0.6666666666666666,
  "valid": true,
  "orig_prob": 0.9997360110282898,
  "pert_prob": 0.9997565150260925,
  "recovery_delta": {
    "mean_abs_diff": 0.007464473604159139,
    "max_abs_diff": 0.12657760083675385,
    "std_diff": 0.025270044478683827
  }
}