{
  "rank_correlation": 0.9634782608695651,
  "stability_score": 0.9908496528420419,
  "topk_overlap_k3": 1.0,
  "topk_overlap_k5": 1.0,
  "topk_overlap_k10": 0.8181818181818182,
  "valid": true,
  "orig_prob": 0.9997360110282898,
  "pert_prob": 0.9999388456344604,
  "recovery_delta": {
    "mean_abs_diff": 9.956187674712662e-05,
    "max_abs_diff": 0.00043254788033664227,
    "std_diff": 0.0001270958844701702
  }
}