{
  "rank_correlation": 0.8121739130434782,
  "stability_score": 0.9382635642145423,
  "topk_overlap_k3": 0.5,
  "topk_overlap_k5": 1.0,
  "topk_overlap_k10": 0.6666666666666666,
  "valid": true,
  "orig_prob": 0.9999533891677856,
  "pert_prob": 0.9969912767410278,
  "recovery_delta": {
    "mean_abs_diff": 0.07389957023163636,
    "max_abs_diff": 0.2600036561489105,
    "std_diff": 0.056519390645568844
  }
}