{
  "rank_correlation": 0.9869565217391304,
  "stability_score": 0.99649926093272,
  "topk_overlap_k3": 1.0,
  "topk_overlap_k5": 1.0,
  "topk_overlap_k10": 0.8181818181818182,
  "valid": true,
  "orig_prob": 0.9999805688858032,
  "pert_prob": 0.9999758005142212,
  "recovery_delta": {
    "mean_abs_diff": 0.0011993475103129942,
    "max_abs_diff": 0.00474292878061533,
    "std_diff": 0.0012073437019568766
  }
}