{
  "rank_correlation": 0.9478260869565217,
  "stability_score": 0.8142581531058757,
  "topk_overlap_k3": 0.5,
  "topk_overlap_k5": 0.42857142857142855,
  "topk_overlap_k10": 0.8181818181818182,
  "valid": true,
  "orig_prob": 0.9999797344207764,
  "pert_prob": 0.9999767541885376,
  "recovery_delta": {
    "mean_abs_diff": 0.0063489860234161215,
    "max_abs_diff": 0.023692719638347626,
    "std_diff": 0.007193070898971872
  }
}