{
  "rank_correlation": 0.9721739130434782,
  "stability_score": 0.9928180127179222,
  "topk_overlap_k3": 1.0,
  "topk_overlap_k5": 1.0,
  "topk_overlap_k10": 0.8181818181818182,
  "valid": true,
  "orig_prob": 0.9999371767044067,
  "pert_prob": 0.9999409914016724,
  "recovery_delta": {
    "mean_abs_diff": 0.001127327714736263,
    "max_abs_diff": 0.004205966368317604,
    "std_diff": 0.001082086373542203
  }
}