{
  "rank_correlation": 0.997391304347826,
  "stability_score": 0.9981214447829277,
  "topk_overlap_k3": 1.0,
  "topk_overlap_k5": 1.0,
  "topk_overlap_k10": 1.0,
  "valid": true,
  "orig_prob": 0.9999830722808838,
  "pert_prob": 0.9999790191650391,
  "recovery_delta": {
    "mean_abs_diff": 0.006131906520143578,
    "max_abs_diff": 0.13086000084877014,
    "std_diff": 0.026048762690507665
  }
}