{
  "rank_correlation": 0.9799999999999999,
  "stability_score": 0.8949980964514255,
  "topk_overlap_k3": 0.5,
  "topk_overlap_k5": 0.6666666666666666,
  "topk_overlap_k10": 0.8181818181818182,
  "valid": true,
  "orig_prob": 0.9862672090530396,
  "pert_prob": 0.9921477437019348,
  "recovery_delta": {
    "mean_abs_diff": 9.51774287235215e-06,
    "max_abs_diff": 4.486116813495755e-05,
    "std_diff": 1.2040284348879161e-05
  }
}