{
  "rank_correlation": 0.9982608695652172,
  "stability_score": 0.9987349713798883,
  "topk_overlap_k3": 1.0,
  "topk_overlap_k5": 1.0,
  "topk_overlap_k10": 1.0,
  "valid": true,
  "orig_prob": 0.9999905824661255,
  "pert_prob": 0.9999899864196777,
  "recovery_delta": {
    "mean_abs_diff": 0.0041512300570805865,
    "max_abs_diff": 0.014200270175933838,
    "std_diff": 0.004148676583230649
  }
}