{
  "rank_correlation": 0.8730434782608695,
  "stability_score": 0.8619009809519933,
  "topk_overlap_k3": 0.2,
  "topk_overlap_k5": 0.6666666666666666,
  "topk_overlap_k10": 0.8181818181818182,
  "valid": true,
  "orig_prob": 0.9999251365661621,
  "pert_prob": 0.9998879432678223,
  "recovery_delta": {
    "mean_abs_diff": 0.03179944306612015,
    "max_abs_diff": 0.11746996641159058,
    "std_diff": 0.031660836514231926
  }
}