{
  "rank_correlation": 0.9765217391304346,
  "stability_score": 0.8933064599248809,
  "topk_overlap_k3": 0.2,
  "topk_overlap_k5": 0.6666666666666666,
  "topk_overlap_k10": 1.0,
  "valid": true,
  "orig_prob": 0.9999797344207764,
  "pert_prob": 0.999970555305481,
  "recovery_delta": {
    "mean_abs_diff": 0.0041198742886384325,
    "max_abs_diff": 0.010669603943824768,
    "std_diff": 0.003182081694162327
  }
}