src_idx,tgt_idx,true_label,baseline_P,P_after_multi5,delta_multi5
2407,2391,92,4.9152266001328826e-05,4.9152266001328826e-05,0.0
