{
  "rank_correlation": 0.9791304347826085,
  "stability_score": 0.9947749388400058,
  "topk_overlap_k3": 1.0,
  "topk_overlap_k5": 1.0,
  "topk_overlap_k10": 0.8181818181818182,
  "valid": true,
  "orig_prob": 0.9999755620956421,
  "pert_prob": 0.9999711513519287,
  "recovery_delta": {
    "mean_abs_diff": 3.834927823239317e-05,
    "max_abs_diff": 0.00024539459263905883,
    "std_diff": 5.032218846071087e-05
  }
}