src_idx,tgt_idx,true_label,baseline_P,P_after_multi5,delta_multi5
858,849,52,3.7981273635523394e-05,3.7981273635523394e-05,0.0
