{
  "rank_correlation": 0.9965217391304346,
  "stability_score": 0.9991118449052332,
  "topk_overlap_k3": 1.0,
  "topk_overlap_k5": 1.0,
  "topk_overlap_k10": 1.0,
  "valid": true,
  "orig_prob": 0.9981763362884521,
  "pert_prob": 0.9983269572257996,
  "recovery_delta": {
    "mean_abs_diff": 9.294938687768688e-05,
    "max_abs_diff": 0.0008704513311386108,
    "std_diff": 0.00019129898021490963
  }
}