{
  "rank_correlation": 0.9565217391304346,
  "stability_score": 0.989060593099756,
  "topk_overlap_k3": 1.0,
  "topk_overlap_k5": 1.0,
  "topk_overlap_k10": 0.6666666666666666,
  "valid": true,
  "orig_prob": 0.9998812675476074,
  "pert_prob": 0.9997989535331726,
  "recovery_delta": {
    "mean_abs_diff": 0.00034920841426355764,
    "max_abs_diff": 0.001665460062213242,
    "std_diff": 0.0005576396775768549
  }
}