{
  "rank_correlation": 0.8565217391304346,
  "stability_score": 0.9614023333665427,
  "topk_overlap_k3": 0.2,
  "topk_overlap_k5": 1.0,
  "topk_overlap_k10": 0.8181818181818182,
  "valid": true,
  "orig_prob": 0.999916672706604,
  "pert_prob": 0.999405026435852,
  "recovery_delta": {
    "mean_abs_diff": 0.013640507080329675,
    "max_abs_diff": 0.29056330770254135,
    "std_diff": 0.05788395591953485
  }
}