{
  "rank_correlation": 0.9991304347826085,
  "stability_score": 0.9997823774396621,
  "topk_overlap_k3": 1.0,
  "topk_overlap_k5": 1.0,
  "topk_overlap_k10": 1.0,
  "valid": true,
  "orig_prob": 0.9998161196708679,
  "pert_prob": 0.9998152852058411,
  "recovery_delta": {
    "mean_abs_diff": 1.1562799500097753e-06,
    "max_abs_diff": 4.570218152366579e-06,
    "std_diff": 1.4248009314742084e-06
  }
}