{
  "rank_correlation": 0.9652173913043477,
  "stability_score": 0.9893191053843673,
  "topk_overlap_k3": 1.0,
  "topk_overlap_k5": 1.0,
  "topk_overlap_k10": 0.6666666666666666,
  "valid": true,
  "orig_prob": 0.9999830722808838,
  "pert_prob": 0.9999823570251465,
  "recovery_delta": {
    "mean_abs_diff": 0.009926212208597462,
    "max_abs_diff": 0.21197812259197235,
    "std_diff": 0.04225371857001557
  }
}