{
  "rank_correlation": 0.9982608695652172,
  "stability_score": 0.9995046641920614,
  "topk_overlap_k3": 1.0,
  "topk_overlap_k5": 1.0,
  "topk_overlap_k10": 1.0,
  "valid": true,
  "orig_prob": 0.9999969005584717,
  "pert_prob": 0.9999969005584717,
  "recovery_delta": {
    "mean_abs_diff": 0.00030276599621477845,
    "max_abs_diff": 0.002406921237707138,
    "std_diff": 0.000517571311559434
  }
}