src_idx,tgt_idx,true_label,baseline_P,P_after_multi5,delta_multi5
2407,2371,92,0.00017077122174669057,0.00017077122174669057,0.0
