{
  "rank_correlation": 0.9339130434782608,
  "stability_score": 0.8831905824314816,
  "topk_overlap_k3": 1.0,
  "topk_overlap_k5": 0.6666666666666666,
  "topk_overlap_k10": 1.0,
  "valid": true,
  "orig_prob": 0.9999809265136719,
  "pert_prob": 0.999981164932251,
  "recovery_delta": {
    "mean_abs_diff": 0.0014383921904178958,
    "max_abs_diff": 0.0049582128413021564,
    "std_diff": 0.0014493764696469976
  }
}