{
  "rank_correlation": 0.9330434782608694,
  "stability_score": 0.9832594143917669,
  "topk_overlap_k3": 1.0,
  "topk_overlap_k5": 1.0,
  "topk_overlap_k10": 1.0,
  "valid": true,
  "orig_prob": 0.9996137022972107,
  "pert_prob": 0.9966199398040771,
  "recovery_delta": {
    "mean_abs_diff": 7.275867252095243e-06,
    "max_abs_diff": 5.230196984484792e-05,
    "std_diff": 1.0373692181242459e-05
  }
}