{
  "rank_correlation": 0.9895652173913043,
  "stability_score": 0.996151026064071,
  "topk_overlap_k3": 0.5,
  "topk_overlap_k5": 1.0,
  "topk_overlap_k10": 0.8181818181818182,
  "valid": true,
  "orig_prob": 0.9999486207962036,
  "pert_prob": 0.9999098777770996,
  "recovery_delta": {
    "mean_abs_diff": 0.006201391418774922,
    "max_abs_diff": 0.024820521473884583,
    "std_diff": 0.006044575365977173
  }
}