{
  "rank_correlation": 0.8808695652173912,
  "stability_score": 0.8702098389725911,
  "topk_overlap_k3": 1.0,
  "topk_overlap_k5": 0.6666666666666666,
  "topk_overlap_k10": 0.8181818181818182,
  "valid": true,
  "orig_prob": 0.999916672706604,
  "pert_prob": 0.9990980625152588,
  "recovery_delta": {
    "mean_abs_diff": 3.776165878358976e-05,
    "max_abs_diff": 0.000199640984646976,
    "std_diff": 5.711809511701575e-05
  }
}