{
  "rank_correlation": 0.9956521739130434,
  "stability_score": 0.9989127405900853,
  "topk_overlap_k3": 1.0,
  "topk_overlap_k5": 1.0,
  "topk_overlap_k10": 1.0,
  "valid": true,
  "orig_prob": 0.9995768666267395,
  "pert_prob": 0.9996020197868347,
  "recovery_delta": {
    "mean_abs_diff": 1.5144408772963895e-06,
    "max_abs_diff": 2.388888970017433e-05,
    "std_diff": 4.853403875206568e-06
  }
}