{
  "rank_correlation": 0.9026086956521738,
  "stability_score": 0.8038812471186071,
  "topk_overlap_k3": 0.5,
  "topk_overlap_k5": 0.42857142857142855,
  "topk_overlap_k10": 0.8181818181818182,
  "valid": true,
  "orig_prob": 0.9999809265136719,
  "pert_prob": 0.9949625730514526,
  "recovery_delta": {
    "mean_abs_diff": 0.0017117768293246627,
    "max_abs_diff": 0.00869272230193019,
    "std_diff": 0.002124925808213793
  }
}