{
  "rank_correlation": 0.8565217391304346,
  "stability_score": 0.7927009337541355,
  "topk_overlap_k3": 1.0,
  "topk_overlap_k5": 0.42857142857142855,
  "topk_overlap_k10": 0.6666666666666666,
  "valid": true,
  "orig_prob": 0.9998161196708679,
  "pert_prob": 0.9964792132377625,
  "recovery_delta": {
    "mean_abs_diff": 4.647999508241203e-06,
    "max_abs_diff": 2.1628366084769368e-05,
    "std_diff": 5.2080167115616185e-06
  }
}