{
  "rank_correlation": 0.8982608695652173,
  "stability_score": 0.7993211954434095,
  "topk_overlap_k3": 0.5,
  "topk_overlap_k5": 0.42857142857142855,
  "topk_overlap_k10": 0.6666666666666666,
  "valid": true,
  "orig_prob": 0.9999486207962036,
  "pert_prob": 0.9996228218078613,
  "recovery_delta": {
    "mean_abs_diff": 0.019077252596616745,
    "max_abs_diff": 0.10510024428367615,
    "std_diff": 0.02773506068642999
  }
}