src_idx,tgt_idx,true_label,baseline_P,P_after_multi5,delta_multi5
509,443,42,0.00012796177179552615,0.00012796177179552615,0.0
