{
  "rank_correlation": 0.8478260869565216,
  "stability_score": 0.8619228097391263,
  "topk_overlap_k3": 1.0,
  "topk_overlap_k5": 0.6666666666666666,
  "topk_overlap_k10": 0.42857142857142855,
  "valid": true,
  "orig_prob": 0.9999755620956421,
  "pert_prob": 0.9994654059410095,
  "recovery_delta": {
    "mean_abs_diff": 0.00016856000002007931,
    "max_abs_diff": 0.0007438843022100627,
    "std_diff": 0.00015429775154186007
  }
}