{
  "rank_correlation": 0.7521739130434782,
  "stability_score": 0.9305901061797488,
  "topk_overlap_k3": 1.0,
  "topk_overlap_k5": 1.0,
  "topk_overlap_k10": 0.6666666666666666,
  "valid": true,
  "orig_prob": 0.9999486207962036,
  "pert_prob": 0.9998664855957031,
  "recovery_delta": {
    "mean_abs_diff": 0.03726686040560404,
    "max_abs_diff": 0.10229146480560303,
    "std_diff": 0.024816287400075868
  }
}