{
  "rank_correlation": 0.9486956521739129,
  "stability_score": 0.9871726692834014,
  "topk_overlap_k3": 0.5,
  "topk_overlap_k5": 1.0,
  "topk_overlap_k10": 0.8181818181818182,
  "valid": true,
  "orig_prob": 0.9999797344207764,
  "pert_prob": 0.9999433755874634,
  "recovery_delta": {
    "mean_abs_diff": 6.218800384279651e-06,
    "max_abs_diff": 1.3533601304516196e-05,
    "std_diff": 4.036619136687132e-06
  }
}