{
  "rank_correlation": 0.9965217391304346,
  "stability_score": 0.9989432562754719,
  "topk_overlap_k3": 1.0,
  "topk_overlap_k5": 1.0,
  "topk_overlap_k10": 0.8181818181818182,
  "valid": true,
  "orig_prob": 0.9998812675476074,
  "pert_prob": 0.9998806715011597,
  "recovery_delta": {
    "mean_abs_diff": 0.0009358925356840094,
    "max_abs_diff": 0.00545646995306015,
    "std_diff": 0.0014804521268942195
  }
}