{
  "rank_correlation": 0.9017391304347826,
  "stability_score": 0.7488816992112476,
  "topk_overlap_k3": 0.5,
  "topk_overlap_k5": 0.25,
  "topk_overlap_k10": 0.8181818181818182,
  "valid": true,
  "orig_prob": 0.9999797344207764,
  "pert_prob": 0.9999369382858276,
  "recovery_delta": {
    "mean_abs_diff": 0.0077654169872403145,
    "max_abs_diff": 0.03682740032672882,
    "std_diff": 0.009245857516109152
  }
}