{
  "rank_correlation": 0.917391304347826,
  "stability_score": 0.878009424239726,
  "topk_overlap_k3": 0.5,
  "topk_overlap_k5": 0.6666666666666666,
  "topk_overlap_k10": 0.6666666666666666,
  "valid": true,
  "orig_prob": 0.9997360110282898,
  "pert_prob": 0.9996496438980103,
  "recovery_delta": {
    "mean_abs_diff": 0.006692009236151837,
    "max_abs_diff": 0.11164696887135506,
    "std_diff": 0.022289109321726303
  }
}