{
  "rank_correlation": 0.9921739130434782,
  "stability_score": 0.9957391077458211,
  "topk_overlap_k3": 1.0,
  "topk_overlap_k5": 1.0,
  "topk_overlap_k10": 0.8181818181818182,
  "valid": true,
  "orig_prob": 0.9999905824661255,
  "pert_prob": 0.999991774559021,
  "recovery_delta": {
    "mean_abs_diff": 0.01152185257524252,
    "max_abs_diff": 0.044781409204006195,
    "std_diff": 0.011402851337534152
  }
}