{
  "rank_correlation": 0.9443478260869566,
  "stability_score": 0.9860868124287755,
  "topk_overlap_k3": 1.0,
  "topk_overlap_k5": 1.0,
  "topk_overlap_k10": 0.8181818181818182,
  "valid": true,
  "orig_prob": 0.9985235333442688,
  "pert_prob": 0.999142050743103,
  "recovery_delta": {
    "mean_abs_diff": 7.204648184711004e-07,
    "max_abs_diff": 4.595554855768569e-06,
    "std_diff": 9.842391414626194e-07
  }
}