{
  "rank_correlation": 0.983478260869565,
  "stability_score": 0.9935735478586909,
  "topk_overlap_k3": 1.0,
  "topk_overlap_k5": 1.0,
  "topk_overlap_k10": 1.0,
  "valid": true,
  "orig_prob": 0.9999533891677856,
  "pert_prob": 0.9999514818191528,
  "recovery_delta": {
    "mean_abs_diff": 0.011480086793502172,
    "max_abs_diff": 0.036166369915008545,
    "std_diff": 0.007836115226506546
  }
}