{
  "rank_correlation": 0.9669565217391304,
  "stability_score": 0.8914314744251011,
  "topk_overlap_k3": 1.0,
  "topk_overlap_k5": 0.6666666666666666,
  "topk_overlap_k10": 1.0,
  "valid": true,
  "orig_prob": 0.9998812675476074,
  "pert_prob": 0.9998693466186523,
  "recovery_delta": {
    "mean_abs_diff": 0.0015382800484076142,
    "max_abs_diff": 0.008292216807603836,
    "std_diff": 0.00217161025993245
  }
}