{
  "rank_correlation": 0.983478260869565,
  "stability_score": 0.9958695607496717,
  "topk_overlap_k3": 1.0,
  "topk_overlap_k5": 1.0,
  "topk_overlap_k10": 1.0,
  "valid": true,
  "orig_prob": 0.9995768666267395,
  "pert_prob": 0.9994900226593018,
  "recovery_delta": {
    "mean_abs_diff": 2.2338597638338342e-08,
    "max_abs_diff": 2.1106438907736447e-07,
    "std_diff": 4.215445041095638e-08
  }
}