{
  "rank_correlation": 0.806086956521739,
  "stability_score": 0.8394306883367075,
  "topk_overlap_k3": 1.0,
  "topk_overlap_k5": 0.6666666666666666,
  "topk_overlap_k10": 0.6666666666666666,
  "valid": true,
  "orig_prob": 0.9999768733978271,
  "pert_prob": 0.646055281162262,
  "recovery_delta": {
    "mean_abs_diff": 0.06045525396863619,
    "max_abs_diff": 0.3844604790210724,
    "std_diff": 0.09309898502287789
  }
}