{
  "rank_correlation": 0.9895652173913043,
  "stability_score": 0.9973898968481438,
  "topk_overlap_k3": 0.5,
  "topk_overlap_k5": 1.0,
  "topk_overlap_k10": 1.0,
  "valid": true,
  "orig_prob": 0.9999797344207764,
  "pert_prob": 0.9999433755874634,
  "recovery_delta": {
    "mean_abs_diff": 7.037498410985184e-06,
    "max_abs_diff": 2.1027037291787565e-05,
    "std_diff": 6.6919992749564435e-06
  }
}