{
  "rank_correlation": 0.8695652173913043,
  "stability_score": 0.8634681969280421,
  "topk_overlap_k3": 1.0,
  "topk_overlap_k5": 0.6666666666666666,
  "topk_overlap_k10": 1.0,
  "valid": true,
  "orig_prob": 0.9985607266426086,
  "pert_prob": 0.9790265560150146,
  "recovery_delta": {
    "mean_abs_diff": 0.01961553709891935,
    "max_abs_diff": 0.12171116471290588,
    "std_diff": 0.028847413196298494
  }
}