{
  "rank_correlation": 0.9904347826086956,
  "stability_score": 0.9964522696793944,
  "topk_overlap_k3": 0.5,
  "topk_overlap_k5": 1.0,
  "topk_overlap_k10": 1.0,
  "valid": true,
  "orig_prob": 0.9999251365661621,
  "pert_prob": 0.9999388456344604,
  "recovery_delta": {
    "mean_abs_diff": 0.00578212986389796,
    "max_abs_diff": 0.020512372255325317,
    "std_diff": 0.005110607685750953
  }
}