{
  "rank_correlation": 0.8304347826086955,
  "stability_score": 0.7861664551589871,
  "topk_overlap_k3": 0.5,
  "topk_overlap_k5": 0.42857142857142855,
  "topk_overlap_k10": 0.5384615384615384,
  "valid": true,
  "orig_prob": 0.9985235333442688,
  "pert_prob": 0.9582718014717102,
  "recovery_delta": {
    "mean_abs_diff": 6.834532307683124e-05,
    "max_abs_diff": 0.0010683423897717148,
    "std_diff": 0.00021268231880419212
  }
}