{
  "rank_correlation": 0.9391304347826085,
  "stability_score": 0.9829789361646535,
  "topk_overlap_k3": 1.0,
  "topk_overlap_k5": 1.0,
  "topk_overlap_k10": 0.8181818181818182,
  "valid": true,
  "orig_prob": 0.9999371767044067,
  "pert_prob": 0.9998799562454224,
  "recovery_delta": {
    "mean_abs_diff": 0.009018362654993931,
    "max_abs_diff": 0.045743249356746674,
    "std_diff": 0.01067610087827578
  }
}