src_idx,tgt_idx,true_label,baseline_P,P_after_multi5,delta_multi5
836,858,52,0.9862672090530396,0.8519824147224426,-0.13428479433059692
