{
  "rank_correlation": 0.9782608695652173,
  "stability_score": 0.9945549455174577,
  "topk_overlap_k3": 1.0,
  "topk_overlap_k5": 1.0,
  "topk_overlap_k10": 0.8181818181818182,
  "valid": true,
  "orig_prob": 0.999916672706604,
  "pert_prob": 0.999824583530426,
  "recovery_delta": {
    "mean_abs_diff": 5.135936923276555e-05,
    "max_abs_diff": 0.00039700837805867195,
    "std_diff": 8.723203106666704e-05
  }
}