{
  "rank_correlation": 0.9921739130434782,
  "stability_score": 0.995541530766025,
  "topk_overlap_k3": 1.0,
  "topk_overlap_k5": 1.0,
  "topk_overlap_k10": 0.8181818181818182,
  "valid": true,
  "orig_prob": 0.9999905824661255,
  "pert_prob": 0.9999914169311523,
  "recovery_delta": {
    "mean_abs_diff": 0.012509737474222979,
    "max_abs_diff": 0.059039078652858734,
    "std_diff": 0.012524228860810118
  }
}