{
  "rank_correlation": 0.9965217391304346,
  "stability_score": 0.9986986516449197,
  "topk_overlap_k3": 1.0,
  "topk_overlap_k5": 1.0,
  "topk_overlap_k10": 1.0,
  "valid": true,
  "orig_prob": 0.9999830722808838,
  "pert_prob": 0.9999785423278809,
  "recovery_delta": {
    "mean_abs_diff": 0.0021589156884450253,
    "max_abs_diff": 0.027430463582277298,
    "std_diff": 0.006019229479499299
  }
}