{
  "rank_correlation": 0.9295652173913044,
  "stability_score": 0.882058063373248,
  "topk_overlap_k3": 1.0,
  "topk_overlap_k5": 0.6666666666666666,
  "topk_overlap_k10": 0.8181818181818182,
  "valid": true,
  "orig_prob": 0.9999661445617676,
  "pert_prob": 0.9998663663864136,
  "recovery_delta": {
    "mean_abs_diff": 0.0016662048728903756,
    "max_abs_diff": 0.018510572612285614,
    "std_diff": 0.0036466821434261647
  }
}