{
  "rank_correlation": 0.9965217391304346,
  "stability_score": 0.9991304250359547,
  "topk_overlap_k3": 1.0,
  "topk_overlap_k5": 1.0,
  "topk_overlap_k10": 1.0,
  "valid": true,
  "orig_prob": 0.9995768666267395,
  "pert_prob": 0.9994900226593018,
  "recovery_delta": {
    "mean_abs_diff": 4.8733269863987516e-08,
    "max_abs_diff": 3.7626296034432016e-07,
    "std_diff": 8.720802159510921e-08
  }
}