{
  "rank_correlation": 0.9982608695652172,
  "stability_score": 0.9995369162270293,
  "topk_overlap_k3": 1.0,
  "topk_overlap_k5": 1.0,
  "topk_overlap_k10": 1.0,
  "valid": true,
  "orig_prob": 0.9999805688858032,
  "pert_prob": 0.9999794960021973,
  "recovery_delta": {
    "mean_abs_diff": 0.0001415058213751763,
    "max_abs_diff": 0.0012382441200315952,
    "std_diff": 0.0002498158329845057
  }
}