{
  "rank_correlation": 0.9634782608695651,
  "stability_score": 0.990746586151367,
  "topk_overlap_k3": 1.0,
  "topk_overlap_k5": 1.0,
  "topk_overlap_k10": 0.8181818181818182,
  "valid": true,
  "orig_prob": 0.9999809265136719,
  "pert_prob": 0.9999741315841675,
  "recovery_delta": {
    "mean_abs_diff": 0.0006148953301211199,
    "max_abs_diff": 0.0023673740215599537,
    "std_diff": 0.0005797989047002855
  }
}