{
  "rank_correlation": 0.9678260869565216,
  "stability_score": 0.8897283967776066,
  "topk_overlap_k3": 0.5,
  "topk_overlap_k5": 0.6666666666666666,
  "topk_overlap_k10": 0.8181818181818182,
  "valid": true,
  "orig_prob": 0.9997360110282898,
  "pert_prob": 0.9999388456344604,
  "recovery_delta": {
    "mean_abs_diff": 0.01114062480761883,
    "max_abs_diff": 0.12797985970973969,
    "std_diff": 0.03195504956900749
  }
}