{
  "rank_correlation": 0.7269565217391305,
  "stability_score": 0.7335357374515902,
  "topk_overlap_k3": 0.5,
  "topk_overlap_k5": 0.42857142857142855,
  "topk_overlap_k10": 0.6666666666666666,
  "valid": true,
  "orig_prob": 0.9999533891677856,
  "pert_prob": 0.9994046688079834,
  "recovery_delta": {
    "mean_abs_diff": 0.1338741077731053,
    "max_abs_diff": 0.38073116540908813,
    "std_diff": 0.12122639935724613
  }
}