{
  "rank_correlation": 0.9791304347826085,
  "stability_score": 0.9947821984154194,
  "topk_overlap_k3": 1.0,
  "topk_overlap_k5": 1.0,
  "topk_overlap_k10": 1.0,
  "valid": true,
  "orig_prob": 0.9999980926513672,
  "pert_prob": 0.9999778270721436,
  "recovery_delta": {
    "mean_abs_diff": 2.0514011643546493e-06,
    "max_abs_diff": 2.7004458729606995e-05,
    "std_diff": 5.685224310010302e-06
  }
}