{
  "rank_correlation": 0.9965217391304346,
  "stability_score": 0.997089845802689,
  "topk_overlap_k3": 0.5,
  "topk_overlap_k5": 1.0,
  "topk_overlap_k10": 1.0,
  "valid": true,
  "orig_prob": 0.9999905824661255,
  "pert_prob": 0.9999914169311523,
  "recovery_delta": {
    "mean_abs_diff": 0.010202944899598757,
    "max_abs_diff": 0.05588003993034363,
    "std_diff": 0.011482400302810683
  }
}