{
  "rank_correlation": 0.9817391304347826,
  "stability_score": 0.9954347406981183,
  "topk_overlap_k3": 1.0,
  "topk_overlap_k5": 1.0,
  "topk_overlap_k10": 1.0,
  "valid": true,
  "orig_prob": 0.9995768666267395,
  "pert_prob": 0.9988861680030823,
  "recovery_delta": {
    "mean_abs_diff": 2.095528867466593e-07,
    "max_abs_diff": 1.47175842357683e-06,
    "std_diff": 3.711705926254204e-07
  }
}