{
  "rank_correlation": 0.8869565217391304,
  "stability_score": 0.9711052546789529,
  "topk_overlap_k3": 1.0,
  "topk_overlap_k5": 1.0,
  "topk_overlap_k10": 0.6666666666666666,
  "valid": true,
  "orig_prob": 0.9999830722808838,
  "pert_prob": 0.9988353848457336,
  "recovery_delta": {
    "mean_abs_diff": 0.0031693787791482464,
    "max_abs_diff": 0.03839189326390624,
    "std_diff": 0.008519603033262237
  }
}